PLAYER,POS,Lane Agility Time (seconds),Shuttle Run (seconds),Three Quarter Sprint (seconds),Standing Vertical Leap (inches),Max Vertical Leap (inches),Max Bench Press (repetitions)
Ochai Agbaji,SG,10.77,3.11,3.13,32.0,39.0,-
Patrick Baldwin Jr.,SF,12.25,3.30,3.45,23.5,26.5,-
Paolo Banchero,PF,-,-,-,-,-,-
Dominick Barlow,PF,11.29,3.19,3.33,28.5,34.0,-
MarJon Beauchamp,SG,-,-,-,-,-,-
Hugo Besson,SG,11.36,3.25,3.40,24.5,31.5,-
Malaki Branham,SG,11.38,3.09,3.17,29.0,35.0,-
Christian Braun,SG,11.00,3.13,3.16,33.5,40.0,-
Kendall Brown,SF,11.57,3.05,3.29,31.5,41.0,-
John Butler Jr.,PF,11.16,3.04,3.33,26.5,28.5,-
Julian Champagnie,SF,11.39,3.04,3.14,28.5,34.5,-
Kennedy Chandler,PG,10.73,2.89,-,31.0,41.5,-
Max Christie,SG,10.82,3.02,3.07,32.0,37.5,-
Kofi Cockburn,C,12.11,3.31,3.33,29.5,32.5,-
Dyson Daniels,SG,10.81,2.81,3.22,29.0,34.0,-
Johnny Davis,PG,-,-,-,-,-,-
JD Davison,PG,11.38,3.23,3.26,30.0,37.0,-
Darius Days,SF-PF,-,-,-,-,-,-
Moussa Diabate,C,11.16,2.90,3.26,29.0,36.5,-
Ousmane Dieng,SF,-,-,-,-,-,-
Khalifa Diop,C,-,-,-,-,-,-
Jalen Duren,C,-,-,-,-,-,-
Tari Eason,PF,-,-,-,-,-,-
Keon Ellis,SG,10.87,3.02,3.18,28.0,35.5,-
Michael Foster Jr.,C,11.49,3.10,3.22,28.0,32.5,-
Collin Gillespie,PG,10.95,3.01,3.21,26.5,33.0,-
AJ Griffin,SF,-,-,-,-,-,-
Jaden Hardy,SG,-,-,-,-,-,-
Ron Harper Jr.,SF,11.41,3.24,3.40,26.0,30.5,-
Chet Holmgren,PF,-,-,-,-,-,-
Harrison Ingram,SF,11.83,3.26,3.31,29.5,35.0,-
Jaden Ivey,PG,-,-,-,-,-,-
Trayce Jackson-Davis,C,-,-,-,-,-,-
Nikola Jovic,SF,-,-,-,-,-,-
Johnny Juzang,SG,11.03,3.17,3.29,27.5,32.5,-
Ismael Kamagate,PF,-,-,-,-,-,-
Trevor Keels,SG,11.33,3.32,3.27,24.5,31.0,-
Walker Kessler,C,-,-,-,-,-,-
Christian Koloko,C,11.30,3.19,3.27,28.0,33.5,-
Jake LaRavia,PF,10.58,2.89,3.37,27.5,34.0,-
Justin Lewis,PF,11.49,3.02,3.23,32.5,35.0,-
E.J. Liddell,PF,11.11,3.23,3.26,35.5,38.0,-
Kenneth Lofton Jr.,PF-C,-,-,-,-,-,-
Tyrese Martin,SG-SF,-,-,-,-,-,-
Bennedict Mathurin,SG,-,-,-,-,-,-
Matthew Mayer,SF,10.74,-,3.39,25.5,31.5,-
Bryce McGowens,SG,11.12,3.16,3.27,29.5,34.0,-
Leonard Miller,SF,11.11,3.02,3.36,30.0,36.5,-
Josh Minnott,PF,-,-,-,-,-,-
Aminu Mohammed,SG-SF,11.54,3.04,3.33,29.5,36.0,-
Iverson Molinar,PG,11.23,3.10,3.19,31.0,38.0,-
Jean Montero,PG,11.19,3.17,3.17,29.5,37.0,-
Wendell Moore,SG,10.94,3.21,3.30,32.5,38.5,-
Keegan Murray,PF,-,-,-,-,-,-
Andrew Nembhard,PG,10.46,3.02,3.26,26.5,35.0,-
Scotty Pippen Jr.,PG,11.07,3.10,3.21,30.5,37.5,-
Gabriele Procida,SG-SF,11.02,3.14,3.07,29.5,35.0,-
Jared Rhoden,SG-SF,-,-,-,-,-,-
Orlando Robinson,C,11.40,3.23,3.55,23.0,27.5,-
David Roddy,PF,10.75,3.10,3.22,27.0,35.5,-
Ryan Rollins,SG,11.26,3.28,3.07,30.5,36.5,-
Marcus Sasser,PG,-,-,-,-,-,-
Dereon Seabron,SG,11.03,3.04,3.12,30.5,38.0,-
Shaedon Sharpe,SG,-,-,-,-,-,-
Terquavion Smith,SG,10.63,3.03,3.14,30.5,38.5,-
Jabari Smith,PF,-,-,-,-,-,-
Jeremy Sochan,PF,-,-,-,-,-,-
Matteo Spagnolo,PG,11.42,3.16,3.40,25.5,31.5,-
Julian Strawther,SF,10.30,3.37,3.26,28.5,35.0,-
Dalen Terry,SG,-,-,-,-,-,-
Drew Timme,C,11.71,3.31,3.38,25.5,31.5,-
Jabari Walker,PF,11.53,3.12,3.24,29.5,32.5,-
TyTy Washington Jr.,SG,-,-,-,-,-,-
Peyton Watson,SF,11.03,3.24,3.28,28.0,33.5,-
Blake Wesley,SG,11.55,3.25,3.21,30.0,36.0,-
Alondes Williams,SG,10.96,3.11,3.15,30.0,35.5,-
Jalen Williams,SG,11.13,3.17,3.11,33.5,39.0,-
Jaylin Williams,C,11.64,3.10,3.50,24.5,30.0,-
Trevion Williams,C,12.75,3.46,3.48,27.5,30.0,-
Bryson Williams,PF-C,-,-,-,-,-,-
Mark Williams,C,-,-,-,-,-,-
Jalen Wilson,SF-PF,-,-,-,-,-,-
Fanbo Zeng,SF-PF,-,-,-,-,-,-
Precious Achiuwa,PF,-,-,-,-,-,-
Ty-Shon Alexander,SG,11.33,2.47,3.26,28.0,33.0,-
Udoka Azubuike,C,11.82,3.61,3.23,37.0,41.0,-
Tyler Bey,PF,11.35,2.75,3.17,37.0,43.5,-
Yoeli Childs,PF,10.87,2.42,3.22,34.0,38.5,-
Mamadi Diakite,PF,11.95,2.71,3.16,28.0,37.0,-
Devon Dotson,PG,10.44,2.22,3.02,31.5,40.5,-
Paul Eboua,SF-PF,10.79,2.44,3.19,33.0,35.5,-
CJ Elleby,SG-SF,11.25,2.63,3.25,30.5,36.5,-
Trent Forrest,PG,11.04,2.50,3.18,28.0,34.5,-
Josh Green,SG-SF,10.64,2.28,3.12,30.5,39.5,-
Ashton Hagans,PG,10.82,2.50,3.13,29.5,36.5,-
Joshua Hall,SF,12.16,2.62,3.38,31.5,37.5,-
Jalen Harris,SG,10.59,2.49,3.11,37.5,42.5,-
Markus Howard,PG,11.21,3.17,3.11,30.5,35.5,-
Elijah Hughes,SF-SG,-,-,-,-,-,-
Isaiah Joe,SG,-,-,-,-,-,-
Mason Jones,SG,10.60,2.49,3.33,24.0,31.0,-
Nathan Knight,PF-C,11.56,2.96,3.31,23.0,31.5,-
Theo Maledon,PG,-,-,-,-,-,-
Karim Mane,PG-SG,11.52,2.64,3.04,31.0,36.0,-
Naji Marshall,SF,11.77,2.90,3.37,28.5,35.0,-
Kenyon Martin Jr.,SF-PF,11.93,2.58,3.16,31.5,38.5,-
Skylar Mays,SG,10.65,2.40,3.30,29.0,37.5,-
Zeke Nnaji,PF-C,10.94,2.72,3.20,33.0,38.0,-
Jordan Nwora,SF-PF,11.29,2.66,3.43,29.0,35.0,-
Reggie Perry,PF-C,11.26,2.57,3.25,30.0,33.5,-
Myles Powell,PG-SG,-,-,-,-,-,-
Immanuel Quickley,SG,11.21,2.46,3.17,29.5,35.5,-
Jahmi'us Ramsey,SG,-,-,-,-,-,-
Paul Reed Jr.,PF,12.29,2.67,3.45,26.5,37.5,-
Nick Richards,C,11.42,2.92,3.25,30.0,34.0,-
Grant Riller,PG-SG,11.17,2.45,3.07,32.5,39.5,-
Jayden Scrubb,SG-SF,-,-,-,-,-,-
Jalen Smith,PF-C,-,-,-,-,-,-
Cassius Stanley,SG,11.40,2.43,3.09,34.5,44.0,-
Lamar Stevens,SF-PF,10.35,2.54,3.20,35.0,41.0,-
Isaiah Stewart,C,-,-,-,-,-,-
Tyrell Terry,PG,10.78,2.59,3.28,30.0,34.0,-
Killian Tillie,PF,11.60,2.62,3.40,27.5,32.0,-
Xavier Tillman Sr.,PF-C,11.80,3.01,3.49,26.0,32.5,-
Kaleb Wesson,C,11.73,2.64,3.60,21.5,27.0,-
Kahlil Whitney,SF,11.17,2.61,3.28,29.0,39.0,-
Cassius Winston,PG,11.15,2.74,3.61,24.0,28.0,-
Robert Woodard II,SF,11.10,2.49,3.18,32.0,38.0,-
Nickeil Alexander-Walker,SG,-,-,-,-,-,-
RJ Barrett,SF,-,-,-,-,-,-
Charles Bassey,C,12.65,3.27,3.53,29.0,33.0,7
Darius Bazley,PF,11.09,2.95,3.27,30.5,37.0,4
Bol Bol,C,-,-,-,-,-,-
Jordan Bone,SG,9.97,2.78,3.08,36.0,42.5,7
Brian Bowen II,SF,10.98,3.21,3.26,32.0,35.5,1
Ky Bowman,PG,11.11,3.11,3.26,27.5,33.0,4
Ignas Brazdeikis,SF,11.06,3.17,3.36,31.0,36.5,13
O'Shae Brissett,SF-PF,11.30,3.18,3.48,34.0,37.5,11
Moses Brown,C,11.95,3.30,3.51,27.0,31.0,-
Brandon Clarke,SF,10.61,3.05,3.15,34.0,40.5,10
Nicolas Claxton,C,11.26,3.47,3.36,31.5,36.5,8
Tyler Cook,PF,11.32,3.10,3.28,27.5,32.0,11
Jarrett Culver,SG,-,-,-,-,-,-
Terence Davis,SG,10.69,2.96,3.28,29.5,34.0,13
Luguentz Dort,PG,10.79,3.13,3.22,32.5,38.0,14
Devon Dotson,PG,10.63,2.80,3.04,30.0,38.5,7
Carsen Edwards,PG,10.53,2.82,3.22,28.5,34.0,14
Tacko Fall,C,13.01,3.46,3.78,22.0,26.5,8
Bruno Fernando,C,11.29,3.05,3.21,29.5,33.5,13
Daniel Gafford,PF,11.61,3.19,3.25,32.5,36.5,5
Darius Garland,PG,-,-,-,-,-,-
Quentin Grimes,SG,10.83,3.28,3.20,27.5,36.0,6
Kyle Guy,SG,10.48,3.07,3.27,30.5,36.5,4
Jaylen Hands,PG,10.73,3.03,3.12,33.0,41.5,6
Jared Harper,PG,10.77,3.02,3.04,33.5,40.5,8
Jaxson Hayes,PF,11.74,3.23,3.37,27.0,34.5,5
Dewan Hernandez,C,11.46,3.25,3.28,30.5,35.5,13
Tyler Herro,SG,-,-,-,-,-,-
Jalen Hoard,PF,11.44,3.32,3.34,27.5,35.5,8
Talen Horton-Tucker,SG,11.34,3.43,3.34,26.0,34.5,10
De'Andre Hunter,,-,-,-,-,-,-
DaQuan Jeffries,SF-PF,-,-,-,-,-,-
Ty Jerome,PG,11.21,3.12,3.40,26.0,31.5,2
Keldon Johnson,SG,-,-,-,-,-,-
Cameron Johnson,SG,10.52,3.28,3.26,30.5,36.5,-
Mfiondu Kabengele,PF,11.21,3.30,3.25,28.0,35.5,6
Louis King,SF,10.99,3.05,3.28,29.0,33.0,-
Romeo Langford,SG,-,-,-,-,-,-
Dedric Lawson,PF,11.80,3.54,3.60,23.5,26.0,10
Jalen Lecque,PG,11.09,3.30,3.29,35.0,43.0,1
Nassir Little,SF,12.15,3.10,3.24,31.0,38.5,5
Terance Mann,SG-SF,11.51,3.14,3.30,32.5,38.5,6
Cody Martin,PG-SG,10.44,2.99,3.32,28.0,35.5,7
Charles Matthews,SG,11.26,3.24,3.38,29.5,37.5,9
Jalen McDaniels,SF,11.54,3.23,3.32,29.5,33.5,-
Ja Morant,PG,-,-,-,-,-,-
Zach Norvell Jr.,SG,11.60,3.34,3.43,24.0,30.0,-
Jaylen Nowell,SG,10.76,3.13,3.23,32.0,38.5,2
Jordan Nwora,PF,-,-,-,-,-,-
Chuma Okeke,,-,-,-,-,-,-
KZ Okpala,SF,10.88,3.13,3.38,30.5,37.0,9
Miye Oni,SG,11.71,3.12,3.17,30.5,38.5,19
Eric Paschall,SF,11.63,3.26,3.30,33.0,38.0,18
Reggie Perry,SF-PF,12.46,3.40,3.30,28.5,31.5,15
Shamorie Ponds,PG,11.01,3.07,3.20,29.0,37.0,-
Jordan Poole,SG,10.59,3.14,3.27,28.0,35.5,-
Jontay Porter,PF,-,-,-,-,-,-
Kevin Porter Jr.,SG,10.82,3.03,3.14,27.0,34.0,2
Neemias Queta,C,12.04,3.45,3.73,24.0,32.5,1
Cameron Reddish,SF,-,-,-,-,-,-
Naz Reid,PF,12.03,3.76,3.42,26.0,32.5,3
Isaiah Roby,PF,10.63,3.05,3.25,32.5,35.5,9
Luka Samanic,PF,11.01,3.03,3.27,27.0,38.0,7
Admiral Schofield,SF,10.77,2.87,3.37,30.0,34.0,15
Marial Shayok,SF-PF,11.16,3.04,3.37,29.5,36.5,9
Simisola Shittu,PF,11.85,3.24,3.30,27.0,35.5,11
Killian Tillie,,-,-,-,-,-,-
P.J. Washington,PF,-,-,-,-,-,-
Tremont Waters,PG,10.76,3.11,3.07,30.5,40.5,5
Quinndary Weatherspoon,SG,11.57,3.15,3.16,31.0,38.0,-
Coby White,PG,-,-,-,-,-,-
Kris Wilkes,SF,10.39,3.09,3.34,27.5,35.0,4
Grant Williams,PF,10.83,3.27,3.33,26.0,31.5,20
Zion Williamson,PF,-,-,-,-,-,-
Dylan Windler,SF,10.70,2.94,3.30,29.0,37.5,8
Rawle Alkins,SG,11.50,3.09,3.15,32.5,40.5,10
Grayson Allen,SG,10.31,3.04,3.15,32.5,40.5,-
Kostas Antetokounmpo,PF,12.48,3.48,3.21,29.5,35.0,-
Udoka Azubuike,C,12.97,3.65,3.12,31.0,31.5,11
Mohamed Bamba,C,-,-,-,-,-,-
Jaylen Barford,PG-SG,11.39,3.21,3.31,27.0,33.0,7
Keita Bates-Diop,SG-SF,11.20,3.28,3.17,30.5,35.0,11
Tyus Battle,SG,11.04,2.87,3.07,32.0,37.5,9
Brian Bowen,SG-SF,11.58,3.33,3.28,30.5,34.0,-
Miles Bridges,SF,-,-,-,-,-,-
Bruce Brown,SG-PG,11.11,3.44,3.20,32.5,38.0,17
Troy Brown,SF,11.51,3.29,3.33,26.0,33.0,5
Jalen Brunson,PG,10.59,3.11,3.15,29.0,37.0,7
Tony Carr,PG,11.89,3.40,3.17,25.0,31.5,-
Jevon Carter,PG,11.04,3.05,3.18,29.0,36.5,14
Wendell Carter,C-PF,-,-,-,-,-,-
Donte DiVincenzo,SG,10.72,3.12,3.11,34.5,42.0,12
Hamidou Diallo,SG,10.53,3.14,3.10,32.5,40.5,1
Trevon Duval,PG,10.93,3.09,3.18,34.0,41.5,6
Carsen Edwards,PG,11.59,3.15,3.20,28.5,34.5,12
Keenan Evans,PG,-,-,-,-,-,-
Jacob Evans,SG-SF,11.11,3.14,3.20,28.0,35.5,8
Bruno Fernando,C,12.19,3.03,3.23,29.0,35.0,11
Melvin Frazier,SF-SG,11.24,3.08,3.08,31.0,40.5,-
Shai Gilgeous-Alexander,PG,-,-,-,-,-,-
Devonte Graham,PG,11.28,3.15,3.21,31.0,37.0,14
Isaac Haas,C,-,-,-,-,-,-
Devon Hall,SG,10.95,3.16,3.27,25.0,31.0,6
Jaylen Hands,PG,12.11,3.16,3.13,31.5,39.5,6
Kevin Hervey,PF,11.28,3.15,3.36,27.5,32.0,4
Aaron Holiday,PG,10.96,3.22,3.27,25.5,33.0,-
Kevin Huerter,SG,10.89,2.97,3.09,31.0,38.0,9
Jaren Jackson,PF-C,-,-,-,-,-,-
Justin Jackson,PF,-,-,-,-,-,-
Alize Johnson,PF,11.83,3.28,3.38,25.0,31.0,8
George King,SF-SG,10.75,3.08,3.29,31.0,39.0,15
Kevin Knox,SF,-,-,-,-,-,-
Sagaba Konate,C,12.28,3.36,3.28,31.5,35.0,12
Caleb Martin,SF-SG,10.43,2.75,3.26,29.0,36.5,6
Cody Martin,SG-SF,10.64,3.05,3.09,29.0,36.5,4
Yante Maten,PF-C,11.35,3.13,3.17,27.0,31.5,18
Brandon McCoy,C,11.77,3.31,3.23,27.5,32.0,9
DeAnthony Melton,SG-PG,11.48,3.33,3.23,31.0,36.5,1
Chimezie Metu,PF-C,11.89,3.25,3.33,29.5,36.0,5
Shake Milton,SG-PG,11.07,3.19,3.25,30.0,33.0,2
Sviatoslav Mykhailiuk,SG-SF,11.25,3.18,3.15,30.5,37.0,4
Malik Newman,SG,10.90,3.18,3.13,27.5,33.5,-
Josh Okogie,SG,11.08,3.03,3.04,33.0,42.0,12
Theo Pinson,SG-SF,11.53,3.11,3.22,27.0,34.0,7
Jontay Porter,C-PF,11.90,3.07,3.40,25.5,31.0,9
Michael Porter,SF-PF,-,-,-,-,-,-
Billy Preston,PF,11.26,3.35,3.20,25.0,33.0,-
Jerome Robinson,SG,-,-,-,-,-,-
Collin Sexton,PG,-,-,-,-,-,-
Landry Shamet,PG,11.26,3.21,3.11,31.0,39.5,8
Anfernee Simons,SG-PG,11.27,3.16,3.10,32.0,41.5,1
Zhaire Smith,SF-SG,11.02,3.15,3.05,33.0,41.5,10
Ray Spalding,PF,11.48,3.20,3.34,26.0,32.0,12
Omari Spellman,PF-C,12.28,3.35,3.38,28.5,35.5,8
Khyri Thomas,SG,10.96,3.18,3.18,30.0,35.0,14
Gary Trent,SG,11.37,2.99,3.12,33.5,39.5,12
Allonzo Trier,SG,11.02,2.97,3.14,32.0,40.0,11
Moritz Wagner,C-PF,11.48,3.07,3.18,27.0,34.0,8
Lonnie Walker,SG,10.87,2.91,3.06,31.5,40.0,12
PJ Washington,PF,11.39,3.43,3.20,27.0,34.0,3
Austin Wiley,C,12.79,3.27,3.30,28.0,33.5,14
Kris Wilkes,SF,11.29,3.16,3.24,28.0,35.5,1
Kenrich Williams,SF,10.86,3.28,3.19,28.0,33.0,14
Trae Young,PG,-,-,-,-,-,-
Edrice Adebayo,PF-C,11.94,3.24,3.24,33.5,38.5,12
Rawle Alkins,SG-SF,11.99,3.18,3.30,31.5,40.5,7
Jarrett Allen,C,11.82,3.00,3.21,31.5,35.5,4
Kadeem Allen,PG,11.24,2.98,3.15,33.0,35.5,7
Ike Anigbogu,C,12.52,3.48,3.44,29.5,32.5,11
OG Anunoby,SF,-,-,-,-,-,-
Jamel Artis,SG-SF,11.62,3.08,3.44,23.5,31.0,5
Dwayne Bacon,SG-SF,11.70,3.22,3.22,30.0,36.5,8
V.J. Beachem,SG-SF,11.18,3.19,3.26,30.0,37.0,11
Jordan Bell,PF,10.63,2.83,3.21,31.5,38.0,16
Jaron Blossomgame,SF,11.47,3.35,3.17,31.0,35.5,16
Chris Boucher,PF,-,-,-,-,-,-
Tony Bradley,C,11.79,2.99,3.44,24.5,27.5,5
Isaiah Briscoe,PG,10.95,2.85,3.38,28.0,33.5,11
Dillon Brooks,SG-SF,11.14,3.24,3.21,31.0,37.5,16
Thomas Bryant,PF-C,11.42,3.12,3.37,25.5,33.0,7
Zach Collins,PF-C,-,-,-,-,-,-
John Collins,PF,11.66,3.27,3.27,33.0,37.5,15
Hamidou Diallo,SG-SF,10.88,2.79,3.11,34.5,44.5,-
Tyler Dorsey,SG,10.55,2.98,3.16,30.5,36.0,8
Damyean Dotson,SG-SF,11.18,3.03,3.13,31.5,38.0,13
PJ Dozier,SG,10.84,2.98,3.15,34.0,39.0,9
Jawun Evans,PG,11.34,3.26,3.21,27.5,33.5,1
Terrance Ferguson,SG-SF,11.16,3.22,3.32,28.5,38.0,-
De?Aaron Fox,PG,-,-,-,-,-,-
Markelle Fultz,PG,-,-,-,-,-,-
Harry Giles,PF,11.08,3.00,3.34,27.0,32.5,5
Josh Hart,SG-SF,11.15,3.02,3.18,27.5,35.5,9
Nigel Hayes,PF,11.81,2.94,3.27,29.0,33.5,16
Isaiah Hicks,PF,12.31,3.31,3.36,31.5,37.0,11
Wesley Iwundu,SG-SF,11.25,3.23,3.36,31.5,36.0,5
Frank Jackson,PG,10.94,2.70,3.14,34.5,42.0,9
Justin Jackson (UMD),SF,11.78,3.08,3.43,26.5,31.5,-
Justin Jackson (UNC),SF,10.80,3.06,3.30,29.5,35.5,-
Peter Jok,SG-SF,11.34,2.93,3.41,26.5,31.0,-
Luke Kennard,SG-SF,-,-,-,-,-,-
Kyle Kuzma,SF-SG,10.72,2.98,3.25,27.0,34.0,12
TJ Leaf,PF,11.55,3.27,3.27,29.0,34.5,6
Tyler Lydon,PF,11.68,2.81,3.46,29.5,33.5,1
Frank Mason III,PG,11.41,3.09,3.18,34.0,41.0,15
Kennedy Meeks,C,12.91,3.35,3.50,28.0,30.5,15
Donovan Mitchell,SG,11.53,3.07,3.01,36.5,40.5,10
Monte Morris,PG,11.00,3.20,3.19,28.0,33.5,8
Johnathan Motley,PF,-,-,-,-,-,-
Svi Mykhailiuk,SG-SF,12.40,3.25,3.53,27.0,33.0,8
Semi Ojeleye,SF-SG,10.58,3.07,3.16,35.0,40.5,19
Cameron Oliver,PF,12.17,3.31,3.16,28.0,39.5,5
Justin Patton,C,11.80,3.31,3.46,26.0,30.5,-
Alec Peters,PF,-,-,-,-,-,-
Ivan Rabb,PF,12.68,3.23,3.35,28.5,32.5,3
Davon Reed,SG-SF,11.37,3.21,3.34,28.5,36.0,12
Devin Robinson,SF,12.85,3.61,3.23,35.5,41.5,10
Kobi Simmons,PG,11.15,2.98,3.18,30.5,38.5,3
Edmond Sumner,PG,-,-,-,-,-,-
Caleb Swanigan,PF,-,-,-,-,-,-
Sindarius Thornwell,SG-SF,11.48,3.03,3.36,27.0,30.5,15
Melo Trimble,PG,10.75,2.92,3.27,24.5,32.0,6
Moritz Wagner,PF,12.00,2.98,3.35,25.5,32.5,-
Derrick Walton Jr.,PG,11.28,3.12,3.29,26.0,32.5,9
Thomas Welsh,PF-C,-,-,-,-,-,11
Derrick White,PG,10.84,2.92,3.08,31.0,36.5,10
Nigel Williams-Goss,PG,10.42,3.08,3.19,27.5,34.5,10
D.J. Wilson,PF,-,-,-,-,-,-
Omer Yurtseven,C,12.85,3.30,3.45,26.0,31.5,6
Ron Baker,SG,10.77,2.96,3.45,30.0,35.5,-
Wade Baldwin IV,PG,10.45,3.01,3.19,32.5,38.0,-
Cat Barber,PG,-,-,-,-,-,-
Malik Beasley,SG,-,-,-,-,-,-
DeAndre Bembry,SG-SF,10.90,2.87,3.17,32.0,38.0,-
Ben Bentil,PF,11.16,3.10,3.30,29.0,33.0,-
Jaron Blossomgame,SF,11.53,3.26,3.20,35.0,41.0,-
Joel Bolomboy,PF,10.26,2.86,3.17,37.5,40.5,-
Malcolm Brogdon,SG,10.77,2.64,3.31,30.5,35.5,-
Jaylen Brown,SG-SF,-,-,-,-,-,-
Marquese Chriss,PF,11.93,3.05,3.26,32.5,38.5,-
Elgin Cook,SF,-,-,-,-,-,-
Isaiah Cousins,PG,10.79,2.97,3.24,30.5,37.0,-
Deyonta Davis,PF,-,-,-,-,-,-
Cheick Diallo,PF,11.24,3.30,3.26,31.0,35.0,-
Kris Dunn,PG,-,-,-,-,-,-
Henry Ellenson,PF,-,-,-,-,-,-
Perry Ellis,PF,10.73,3.03,3.13,32.0,38.0,-
Kay Felder,PG,11.52,2.90,3.15,35.5,44.0,-
Dorian Finney-Smith,SF,11.01,3.04,3.27,32.5,35.5,-
Michael Gbinije,SG,11.00,3.19,3.12,33.5,37.5,-
Daniel Hamilton,SG-SF,11.48,3.20,3.40,26.0,29.0,-
Josh Hart,SG,11.15,3.15,3.20,29.5,38.5,-
Nigel Hayes,SF-PF,12.11,2.90,3.20,25.5,28.5,-
Buddy Hield,SG,-,-,-,-,-,-
Justin Jackson,SF,11.32,2.96,3.26,29.5,34.5,-
Demetrius Jackson,PG,10.81,2.87,3.25,37.5,43.5,-
Brice Johnson,PF,11.88,2.94,3.20,33.5,38.0,-
Damian Jones,C,11.35,3.12,3.20,36.0,37.0,-
Skal Labissiere,PF-C,-,-,-,-,-,-
Jake Layman,SF,11.35,2.82,3.24,33.0,39.5,-
Caris LeVert,SG,-,-,-,-,-,-
Marcus Lee,PF-C,11.68,3.19,3.25,28.5,35.5,-
Thon Maker,PF,11.15,3.09,3.33,32.0,36.5,-
Patrick McCaw,PG-SG,11.01,2.97,3.30,30.0,38.0,-
Malik Newman,SG,10.88,3.11,3.28,30.0,35.5,-
Georges Niang,PF,11.64,3.17,3.49,25.0,31.0,-
Chinanu Onuaku,C,11.65,3.00,3.50,27.5,33.5,-
Marcus Paige,PG,10.82,2.69,3.15,33.5,39.5,-
Gary Payton II,PG,11.57,3.17,3.23,31.5,38.5,-
Jakob Poeltl,C,-,-,-,-,-,-
Taurean Prince,SF,10.96,2.80,3.24,34.0,36.0,-
Zhou Qi,PF-C,11.27,2.90,3.46,31.5,32.0,-
Malachi Richardson,SG-SF,10.56,3.25,3.33,33.0,38.0,-
Wayne Selden,SG,-,-,-,-,-,-
Pascal Siakam,PF,11.25,3.09,3.41,30.5,36.5,-
Diamond Stone,C,12.02,3.22,3.50,27.0,29.5,-
Caleb Swanigan,PF,12.80,-,-,26.0,29.0,-
Melo Trimble,PG,10.57,2.77,3.20,26.5,35.5,-
Tyler Ulis,PG,10.80,2.88,3.20,32.5,38.0,-
Jarrod Uthoff,PF,11.52,3.03,3.50,29.0,34.5,-
Denzel Valentine,SG-SF,10.51,3.22,3.46,27.0,32.0,-
Isaiah Whitehead,PG-SG,11.65,3.21,3.34,27.5,35.5,-
Troy Williams,SF,10.72,3.08,3.35,30.0,36.0,-
Kyle Wiltjer,PF,11.35,3.04,3.48,28.5,35.5,-
Stephen Zimmerman,C,12.08,3.16,3.43,26.0,31.0,-
Cliff Alexander,PF-C,-,-,-,-,-,-
Justin Anderson,SF-SG,11.13,2.88,3.22,38.0,43.0,12
Brandon Ashley,PF,11.21,3.35,3.58,31.5,35.5,9
Ryan Boatright,PG,10.71,3.05,3.26,32.0,41.0,10
Devin Booker,SG,10.27,2.75,3.28,27.5,34.5,8
Anthony Brown,SF-SG,10.94,3.29,3.18,27.5,34.5,4
Willie Cauley-Stein,C,-,-,-,-,-,-
Rakeem Christmas,PF-C,11.60,3.30,3.47,29.0,32.0,9
Pat Connaughton,SG,10.58,3.08,3.20,37.5,44.0,13
Quinn Cook,PG,11.44,3.41,3.38,24.5,31.0,14
Branden Dawson,PF,12.22,3.53,3.20,28.5,34.5,12
Sam Dekker,SF,10.64,2.96,3.28,25.5,34.5,5
Michael Frazier II,SG,10.66,3.02,3.32,27.0,35.0,10
Treveon Graham,SF,11.64,3.15,3.30,28.5,31.5,11
Jerian Grant,PG,-,-,-,-,-,-
Olivier Hanlan,PG-SG,11.41,3.12,3.25,28.0,34.0,19
Montrezl Harrell,PF,-,-,-,-,-,-
Andrew Harrison,PG,11.20,-,3.34,26.5,33.0,-
Aaron Harrison,SG,-,-,3.27,28.5,34.5,1
Tyler Harvey,SG,10.56,2.93,3.44,26.0,28.5,1
Corey Hawkins,SG-PG,10.81,-,3.51,28.5,34.0,9
Rondae Hollis-Jefferson,SF,10.41,3.19,3.12,32.0,38.0,13
Richaun Holmes,PF,11.24,3.31,3.32,32.5,36.0,15
Jonathan Holmes,PF-SF,10.95,3.12,3.51,25.5,31.0,-
R.J. Hunter,SG,10.87,2.91,3.26,27.5,33.5,1
Vince Hunter,PF,11.19,3.06,3.26,33.5,37.5,13
Dakari Johnson,C,11.76,2.94,3.62,22.5,25.0,4
Stanley Johnson,SF,-,-,-,-,-,-
Tyus Jones,PG,11.84,2.95,3.32,26.5,32.5,2
Frank Kaminsky,C-PF,-,-,-,-,-,-
Kevon Looney,PF,-,-,-,-,-,-
Trey Lyles,PF,-,-,-,-,-,-
Jarell Martin,PF,11.20,2.97,3.27,28.5,35.0,19
TJ McConnell,PG,10.95,3.09,3.30,26.0,31.5,7
Chris McCullough,PF,-,-,-,-,-,-
Jordan Mickey,PF,11.72,3.13,3.28,33.0,37.5,9
Larry Nance,PF,10.93,3.01,3.25,29.0,37.5,10
Kelly Oubre,SF-SG,11.09,3.12,3.32,34.5,37.0,7
Cameron Payne,PG,10.90,2.93,3.28,29.8,35.5,-
Terran Petteway,SG,10.91,3.10,3.32,25.0,31.0,15
Bobby Portis,PF,11.78,3.28,3.56,25.0,31.5,5
Norman Powell,SG,10.69,3.20,3.20,32.5,40.5,5
Michael Qualls,SG-SF,11.88,-,3.18,34.0,39.5,9
Chasson Randle,PG,10.63,2.81,3.20,33.5,39.5,6
Terry Rozier,PG-SG,10.84,2.84,3.15,33.0,38.0,7
D?Angelo Russell,PG-SG,-,-,-,-,-,-
Keifer Sykes,PG,10.47,3.15,3.13,34.0,43.0,8
Marcus Thornton,PG-SG,10.78,2.88,3.02,34.5,43.0,3
J.P. Tokoto,SF-SG,10.97,3.20,3.27,34.5,40.0,12
Myles Turner,C-PF,-,-,-,-,-,-
Robert Upshaw,C,-,-,-,-,-,-
Rashad Vaughn,SG,11.40,3.10,3.21,28.0,34.0,5
Chris Walker,PF,11.25,3.41,3.35,30.5,37.0,6
Dez Wells,SG,10.56,3.05,3.20,31.5,39.0,15
Alan Williams,PF,12.26,3.54,3.50,25.5,28.5,8
Justise Winslow,SF,-,-,-,-,-,-
Christian Wood,PF,-,-,-,-,-,-
Delon Wright,PG,11.16,3.50,3.29,29.5,31.0,4
Jordan Adams,SG,12.13,3.05,3.50,24.5,29.5,-
Kyle Anderson,SF,-,-,-,-,-,-
Thanasis Antetokounmpo,SF,11.39,3.05,3.18,31.5,39.5,-
Jordan Bachynski,PF,12.15,3.03,3.36,29.0,33.0,-
Cameron Bairstow,PF,11.39,3.09,3.37,31.0,33.5,-
Khem Birch,PF,11.60,3.24,3.26,30.5,35.5,-
Alec Brown,PF,12.05,2.91,3.48,27.0,30.0,-
Markel Brown,SG,12.62,2.90,3.18,36.5,43.5,-
Jabari Brown,SG,11.60,3.26,3.50,28.0,32.0,-
Deonte Burton,PG,11.28,3.08,3.28,29.0,39.5,-
Semaj Christon,PG,11.55,3.21,3.32,30.5,36.5,-
Jordan Clarkson,PG,10.76,2.98,3.28,33.0,38.5,-
Aaron Craft,PG,10.78,2.90,3.26,29.0,32.0,-
DeAndre Daniels,SF,11.46,3.04,3.44,26.5,32.0,-
Spencer Dinwiddie,PG,-,-,-,-,-,-
Cleanthony Early,SF,11.15,2.96,3.18,34.0,40.0,-
Melvin Ejim,SF,11.55,3.12,3.14,29.5,35.0,-
Tyler Ennis,PG,11.12,2.84,3.30,29.0,36.0,-
Dante Exum,SG,10.75,2.88,3.19,31.5,34.5,-
C.J. Fair,SF,11.00,3.06,3.32,27.0,35.0,-
Aaron Gordon,PF,10.81,2.76,3.27,32.5,39.0,-
Jerami Grant,SF,-,-,-,-,-,-
P.J. Hairston,SG,11.12,-,3.32,32.0,37.0,-
Gary Harris,SG,-,-,-,-,-,-
Joe Harris,SG,11.11,2.92,3.31,28.5,33.5,-
Rodney Hood,SF,11.21,3.14,3.38,29.0,36.0,-
Cory Jefferson,PF,12.63,3.39,3.36,33.0,37.5,-
Nick Johnson,SG,10.80,2.95,3.27,33.5,41.5,-
Sean Kilpatrick,SG,-,-,-,-,-,-
Alex Kirk,PF,11.20,3.19,3.48,28.5,31.5,-
Zach LaVine,PG,10.42,2.80,3.19,33.5,41.5,-
Devyn Marble,SG,11.32,3.08,3.28,29.0,35.0,-
James McAdoo,PF,11.61,2.91,3.28,29.5,34.0,-
K.J. McDaniels,SF,12.71,3.20,3.10,33.0,37.0,-
Doug McDermott,SF,11.10,3.15,3.29,28.5,36.5,-
Jordan McRae,SG,11.07,3.15,3.39,27.5,34.5,-
Shabazz Napier,PG,11.60,3.13,3.20,30.5,37.5,-
Johnny O?Bryant III,PF,11.57,3.32,3.45,31.0,35.5,-
Lamar Patterson,SG,11.63,3.13,3.45,27.5,32.5,-
Adreian Payne,PF,-,-,-,-,-,-
Elfrid Payton,PG,11.06,2.92,3.23,31.5,35.5,-
Dwight Powell,PF,11.28,2.88,3.20,28.5,35.0,-
Julius Randle,PF,11.45,3.14,3.27,29.0,35.5,-
Glenn Robinson III,SF,11.22,3.04,3.15,36.5,41.5,-
LaQuinton Ross,SF,11.97,3.52,3.44,25.0,31.0,-
Marcus Smart,PG,10.82,2.96,3.26,33.0,36.0,-
Russ Smith,PG,11.57,3.01,3.27,29.5,34.0,-
Nik Stauskas,SG,10.79,2.92,3.27,29.0,35.5,-
Jarnell Stokes,PF,11.92,3.20,3.26,31.0,36.0,-
Xavier Thames,PG,11.48,3.02,3.48,29.0,32.5,-
Noah Vonleh,PF,11.45,3.29,3.28,31.0,37.0,-
T.J. Warren,SF,11.10,3.04,3.26,27.0,35.5,-
C.J. Wilcox,SG,11.30,2.92,3.22,31.0,37.5,-
Kendall Williams,PG,10.83,2.85,-,27.0,33.0,-
Patric Young,PF,11.18,3.06,3.43,32.0,37.5,-
James Young,SG,-,-,-,28.0,35.5,-
Steven Adams,C,11.85,3.02,3.40,28.5,33.0,16
Vander Blue,SG,10.40,2.70,3.14,28.0,37.5,4
Lorenzo Brown,PG,11.78,3.24,3.40,28.0,34.0,8
Reggie Bullock,SG-SF,11.33,3.30,3.31,31.0,36.5,11
Trey Burke,PG,11.20,3.01,3.16,29.5,36.5,3
Kentavious Caldwell-Pope,SG,10.60,3.20,3.12,29.0,34.5,7
Isaiah Canaan,PG,10.98,2.89,3.22,33.0,40.5,16
Jackie Carmichael,PF,11.83,3.07,3.35,30.0,32.0,13
Michael Carter-Williams,PG,10.68,3.70,3.22,31.5,41.0,8
Will Clyburn,SF-SG,11.68,3.12,3.38,28.0,34.5,3
Robert Covington,SF-PF,11.69,3.10,3.34,29.5,36.0,9
Allen Crabbe,SG,10.67,3.10,3.32,30.5,36.0,10
Seth Curry,SG,-,-,-,-,-,-
Brandon Davies,PF,11.22,3.14,3.50,26.0,31.5,7
Dewayne Dedmon,C,12.75,3.26,3.40,28.0,32.5,8
Gorgui Dieng,C,-,-,-,-,-,-
James Ennis,SF,11.55,3.06,3.40,29.5,36.5,7
Carrick Felix,SF-SG,11.16,3.09,3.25,32.0,38.5,15
Jamaal Franklin,SG-SF,-,-,-,-,-,-
Rudy Gobert,C,12.85,3.19,3.57,25.0,29.0,7
Archie Goodwin,SG,10.75,3.41,3.27,30.0,36.0,1
Erick Green,PG,-,-,-,-,-,5
Tim Hardaway Jr.,SG,10.68,2.93,3.25,31.5,37.5,16
Solomon Hill,SF,10.77,2.91,3.19,29.5,37.5,14
Richard Howell,PF,-,-,-,-,-,-
Colton Iverson,C,11.52,3.04,3.52,26.5,30.0,12
Pierre Jackson,PG,-,-,-,-,-,-
Grant Jerrett,PF,11.85,3.23,3.51,28.5,34.0,2
Myck Kabongo,PG,10.64,2.86,3.44,27.5,33.5,2
Kenny Kadji,PF-C,11.47,2.88,3.44,34.0,38.0,9
Ryan Kelly,PF,-,-,-,-,-,-
Shane Larkin,PG,10.64,3.03,3.08,34.5,44.0,12
Ricky Ledo,SG,10.72,3.16,3.32,27.0,33.5,4
Alex Len,C,-,-,-,-,-,-
CJ Leslie,PF-SF,10.19,2.79,3.10,32.5,40.5,-
Trevor Mbakwe,PF,12.01,2.97,3.32,30.0,36.5,21
Ray McCallum,PG,10.82,3.08,3.25,30.5,40.0,5
CJ McCollum,PG-SG,11.02,2.91,3.32,32.0,38.5,13
Ben McLemore,SG,11.87,3.11,3.27,32.5,42.0,6
Tony Mitchell,PF-SF,11.82,3.25,3.52,33.5,38.0,13
Shabazz Muhammad,SF-SG,10.99,2.93,3.32,29.5,37.0,10
Erik Murphy,PF,12.19,2.96,3.57,24.5,29.5,13
Mike Muscala,C-PF,11.76,2.99,3.44,28.0,33.5,5
Nerlens Noel,C,-,-,-,-,-,-
Victor Oladipo,SG,10.69,3.14,3.25,33.0,42.0,15
Kelly Olynyk,PF-C,11.42,2.99,3.59,24.5,29.5,5
Brandon Paul,SG,11.16,2.90,3.37,33.5,39.5,15
Norvel Pelle,PF-C,11.49,3.20,3.32,31.0,34.5,-
Mason Plumlee,C-PF,10.89,2.76,3.29,30.5,36.0,14
Otto Porter,SF,11.25,3.06,3.40,27.0,36.0,9
Phil Pressey,PG,10.86,3.02,3.13,33.0,38.5,7
Glen Rice,SF-SG,10.99,3.08,3.25,33.0,40.5,10
Andre Roberson,PF-SF,11.36,3.02,3.34,30.0,36.5,10
Dennis Schroder,PG,11.09,2.86,3.21,30.0,34.0,1
Peyton Siva,PG,10.59,2.93,3.16,33.5,41.5,15
Tony Snell,SF-SG,11.36,2.84,3.25,30.0,36.5,7
James Southerland,SF-PF,10.90,3.03,3.38,29.0,32.0,5
Adonis Thomas,SF,11.64,3.11,3.32,34.5,40.5,13
Deshaun Thomas,SF,12.94,3.38,3.53,28.5,32.0,5
Jeff Withey,C,12.49,3.29,3.47,26.5,29.0,10
Nate Wolters,PG,-,-,-,-,-,8
BJ Young,SG-PG,-,-,-,-,-,-
Cody Zeller,C-PF,10.82,2.69,3.15,35.5,37.5,17
Quincy Acy,PF,10.48,-,3.28,32.0,37.0,13
Harrison Barnes,SF-SG,10.93,-,3.16,38.0,39.5,15
Will Barton,SG-SF,12.50,-,3.60,30.0,34.0,-
Bradley Beal,SG,10.95,-,3.28,33.0,39.0,8
J'Covan Brown,PG,11.68,-,3.47,26.0,29.5,3
William Buford,SG-SF,11.40,-,3.43,27.5,32.5,8
Jae Crowder,SF,11.45,-,3.37,31.0,34.5,20
Jared Cunningham,SG-PG,-,-,-,-,-,4
Anthony Davis,PF-C,-,-,-,-,-,-
Marcus Denmon,SG,10.82,-,3.19,33.5,40.0,8
Andre Drummond,C,10.83,-,3.39,31.5,33.5,10
Kim English,SG,10.59,-,3.33,29.0,36.5,-
Festus Ezeli,C-PF,12.35,-,3.29,34.0,33.5,18
Drew Gordon,PF,11.35,-,3.49,29.0,34.0,10
JaMychal Green,PF,10.63,-,3.38,29.5,32.5,19
Draymond Green,PF-SF,11.01,-,3.40,28.0,33.0,9
Maurice Harkless,SF,10.87,-,3.25,32.5,37.0,5
John Henson,PF,-,-,-,25.5,30.0,5
Tu Holloway,PG,11.00,-,3.42,28.0,35.0,12
Robbie Hummel,SF,11.56,-,3.41,27.5,30.0,13
Bernard James,PF,11.84,-,3.40,30.0,32.5,6
John Jenkins,SG,11.36,-,3.37,30.5,36.5,10
Orlando Johnson,SG,10.98,-,3.25,32.0,39.5,13
Darius Johnson-Odom,SG,10.76,-,3.21,33.5,41.5,17
Terrence Jones,PF-SF,11.57,-,3.40,29.5,34.5,12
Kevin Jones,PF,11.94,-,3.60,27.5,32.5,17
Perry Jones,PF-SF,11.31,-,3.19,33.0,38.5,11
Kris Joseph,SG,-,-,3.46,28.5,35.0,6
Michael Kidd-Gilchrist,SF,11.77,-,3.18,32.0,35.5,6
Doron Lamb,SG-PG,11.12,-,3.41,29.0,33.5,2
Jeremy Lamb,SG,10.98,-,3.25,31.5,38.0,5
Meyers Leonard,C,11.34,-,3.41,30.0,32.5,19
Damian Lillard,PG,11.15,-,3.34,34.5,39.5,13
Scott Machado,PG,11.26,-,3.30,27.0,32.5,17
Kendall Marshall,PG,12.03,-,3.23,31.0,37.0,-
Fab Melo,C,12.14,-,3.44,29.5,31.0,9
Khris Middleton,SF,11.45,-,3.47,28.0,31.0,4
Darius Miller,SF-SG,11.34,-,3.31,33.0,37.0,14
Quincy Miller,SF,11.05,-,3.48,30.5,36.0,8
Tony Mitchell,SG,11.72,-,3.47,31.5,40.0,14
Arnett Moultrie,PF,11.32,-,3.22,33.5,37.5,10
Kevin Murphy,SG,10.97,-,3.42,31.0,36.5,11
Andrew Nicholson,PF,11.89,-,3.67,28.5,30.5,10
Kyle O'Quinn,PF,11.65,-,3.53,31.5,31.5,-
Miles Plumlee,PF-C,10.64,-,3.36,34.0,40.5,15
Austin Rivers,SG-PG,11.54,-,3.32,32.5,37.5,1
Thomas Robinson,PF,11.96,-,3.17,28.5,35.5,15
Terrence Ross,SG-SF,11.78,-,3.28,31.0,37.5,2
Tomas Satoransky,PG-SG,-,-,-,-,-,-
Mike Scott,PF,11.59,-,3.44,27.0,32.5,14
Henry Sims,C-PF,12.33,-,3.44,26.5,29.5,7
Jared Sullinger,PF,12.77,-,3.81,29.5,31.0,9
Tyshawn Taylor,PG,11.48,-,3.20,32.0,36.5,-
Jordan Taylor,PG,10.57,-,3.19,33.0,36.5,14
Jeff Taylor,SF-SG,10.87,-,3.29,33.5,40.0,15
Marquis Teague,PG,10.65,-,3.19,32.5,40.5,8
Hollis Thompson,SF,11.72,-,3.38,28.5,36.5,6
Dion Waiters,SG,-,-,-,-,-,-
Royce White,PF,-,-,-,-,-,-
Tony Wroten,PG,10.75,-,3.24,30.0,35.5,-
Tyler Zeller,PF-C,11.13,-,3.40,30.0,34.0,16
Keith Benson,C-PF,11.88,-,3.35,31.5,36.0,12
Marshon Brooks,SG,10.74,-,3.09,34.0,38.5,5
Alec Burks,SG,10.96,-,3.17,29.0,36.0,5
Jimmy Butler,SF,11.12,-,3.15,32.0,39.0,14
Norris Cole,PG,10.07,-,3.22,29.5,38.5,11
Jon Diebler,SG,10.94,-,3.37,28.0,35.0,2
Michael Dunigan,PF-C,11.85,-,3.27,29.5,34.5,10
LaceDarius Dunn,SG,11.45,-,3.27,26.5,31.0,3
Kenneth Faried,PF,11.35,-,3.26,30.5,35.0,16
James Fredette,PG,10.42,-,3.21,28.0,33.0,14
Andrew Goudelock,PG,10.33,-,3.10,32.5,37.0,4
Jordan Hamilton,SF,11.47,-,3.30,25.0,32.0,7
Justin Harper,PF-SF,11.92,-,3.30,28.5,33.0,19
Tobias Harris,SF-PF,10.96,-,3.17,31.5,37.5,12
Tyler Honeycutt,SF,11.68,-,3.07,30.0,37.0,-
Scotty Hopson,SG,10.47,-,3.18,32.5,36.0,10
Kyrie Irving,PG,-,-,-,-,-,-
Rick Jackson,PF,11.51,-,3.26,28.5,33.0,9
Charles Jenkins,PG-SG,11.68,-,3.18,29.5,34.0,16
JaJuan Johnson,PF,11.21,-,3.14,33.5,38.0,15
Cory Joseph,PG,10.75,-,3.27,27.5,35.0,5
Enes Kanter,PF-C,11.30,-,3.26,26.0,32.5,14
Brandon Knight,PG,10.74,-,3.07,29.0,37.5,10
Malcolm Lee,SG,11.20,-,3.09,30.0,35.5,17
Kawhi Leonard,SF,11.45,-,3.15,25.5,32.0,3
Travis Leslie,SG,11.00,-,3.13,33.0,40.5,10
Jon Leuer,PF,10.82,-,3.36,29.5,36.5,14
DeAndre Liggins,SF-SG,-,-,3.33,27.0,31.0,6
David Lighty,SG,10.81,-,3.25,28.5,33.0,15
Shelvin Mack,PG,11.23,-,3.18,32.0,39.0,17
Demetri McCamey,PG,11.55,-,3.19,27.0,33.0,-
E'Twaun Moore,SG,11.12,-,3.31,32.0,34.5,-
Marcus Morris,PF-SF,-,-,3.15,29.0,33.0,11
Markieff Morris,PF,-,-,3.40,27.0,31.5,11
Darius Morris,PG-SG,11.00,-,3.20,24.5,32.0,12
Chandler Parsons,SF,11.05,-,3.29,25.5,31.5,4
Jereme Richmond,SF,11.74,-,3.02,27.0,33.5,-
Josh Selby,SG-PG,11.13,-,3.20,29.5,42.0,5
Iman Shumpert,PG-SG,11.10,-,3.18,36.5,42.0,18
Kyle Singler,SF,11.22,-,3.21,23.0,30.0,10
Chris Singleton,SF,11.33,-,3.09,30.5,37.5,15
Jamie Skeen,PF,12.43,-,3.46,26.0,30.5,10
Nolan Smith,PG,11.05,-,3.17,28.5,34.0,9
Gregory Smith,PF-C,12.43,-,3.36,29.5,36.0,17
Malcolm Thomas,PF,11.31,-,3.29,32.0,36.5,3
Isaiah Thomas,PG,10.49,-,3.14,31.5,40.0,13
Trey Thompkins,PF,11.72,-,3.41,27.5,30.5,15
Tristan Thompson,PF,10.92,-,3.26,30.0,35.0,9
Klay Thompson,SG,10.99,-,3.24,26.5,31.5,5
Jeremy Tyler,PF-C,11.26,-,3.29,28.0,33.5,10
Nikola Vucevic,PF-C,12.02,-,3.27,23.5,25.0,8
Kemba Walker,PG,10.87,-,3.16,32.0,39.5,7
Jordan Williams,PF,12.74,-,3.45,25.0,30.5,10
Derrick Williams,PF-SF,11.03,-,3.23,29.0,34.5,19
Solomon Alabi,C,13.20,-,3.68,22.5,26.0,10
Cole Aldrich,C,11.48,-,3.35,23.0,28.0,10
Al-Farouq Aminu,SF,11.29,-,3.30,27.0,33.5,13
James Anderson,SF,11.86,-,3.19,30.0,35.5,14
Luke Babbitt,SF-PF,10.98,-,3.40,29.5,37.5,15
Eric Bledsoe,PG,-,-,-,-,-,9
Trevor Booker,PF,11.15,-,3.10,31.0,36.0,22
Craig Brackins,PF-SF,11.65,-,3.39,26.0,35.0,6
Avery Bradley,SG-PG,11.47,-,3.14,31.5,37.5,2
Derrick Caracter,PF,12.78,-,3.61,25.0,30.5,22
Sherron Collins,PG,12.31,-,3.24,27.5,33.0,-
DeMarcus Cousins,C,11.40,-,3.55,23.5,27.5,-
Jordan Crawford,SG,11.03,-,3.37,31.5,34.5,7
Ed Davis,PF,11.70,-,3.21,31.0,36.0,-
Devin Ebanks,SF,11.69,-,3.44,23.5,32.0,6
Derrick Favors,PF,11.74,-,3.25,31.5,35.5,14
Keith Gallon,PF-C,13.44,-,3.70,23.5,28.5,14
Charles Garcia,SF,11.65,-,3.23,24.5,30.5,2
Paul George,SF,-,-,-,-,-,4
Luke Harangody,PF,11.83,-,3.41,24.0,28.5,23
Manny Harris,SG,-,-,-,-,-,11
Lazar Hayward,SG-SF,10.87,-,3.31,31.0,36.0,15
Gordon Hayward,SF,11.73,-,3.22,30.5,34.5,10
Xavier Henry,SG,11.10,-,3.18,28.5,36.5,8
Darington Hobson,SG-SF,11.68,-,3.25,29.0,34.0,-
Damion James,SF,10.89,-,3.20,29.0,33.0,13
Wesley Johnson,SF,11.43,-,3.14,32.0,37.0,16
Armon Johnson,PG-SG,11.25,-,3.19,31.5,38.5,18
Dominique Jones,SG,10.88,-,3.31,26.0,32.5,19
Jerome Jordan,C,-,-,-,-,-,-
Sylven Landesberg,SG,11.59,-,3.36,28.0,32.0,8
Gani Lawal,PF,11.61,-,3.24,27.0,31.5,20
Greg Monroe,PF-C,12.10,-,3.35,25.0,29.0,15
Daniel Orton,C,12.32,-,3.39,24.0,30.5,13
Artsiom Parakhouski,C,12.07,-,3.33,25.5,26.5,16
Patrick Patterson,PF,11.14,-,3.25,28.5,33.5,17
Dexter Pittman,PF-C,-,-,-,-,-,-
Andy Rautins,SG,11.27,-,3.49,23.5,30.5,8
Ryan Richards,PF,11.33,-,3.37,25.0,28.5,4
Stanley Robinson,SF,11.65,-,3.23,-,37.5,6
Larry Sanders,PF-C,12.49,-,3.27,25.5,28.0,7
Jon Scheyer,PG-SG,-,-,-,-,-,-
Lance Stephenson,SG,11.39,-,3.38,27.0,33.0,10
Mikhail Torrance,PG,11.43,-,3.17,23.0,32.0,8
Evan Turner,SG,11.06,-,3.27,27.5,34.5,9
Ekpe Udoh,PF,11.15,-,3.29,31.0,33.5,10
Jarvis Varnado,PF-C,11.61,-,3.37,29.5,32.5,3
Greivis Vasquez,PG-SG,-,-,-,-,-,-
John Wall,PG,10.84,-,3.14,30.0,39.0,-
Willie Warren,SG-PG,11.21,-,3.50,23.0,31.5,10
Terrico White,SG-PG,11.38,-,3.15,31.0,40.0,10
Hassan Whiteside,C-PF,11.83,-,3.54,27.0,31.5,12
Jeff Adrien,PF,11.34,-,3.32,27.5,31.5,16
Jeff Ayres,PF,11.98,-,3.14,31.0,35.0,15
Rodrigue Beaubois,PG,10.49,-,3.15,29.5,39.0,3
DeJuan Blair,PF,11.50,-,3.45,26.0,33.0,18
Derrick Brown,SF-PF,11.26,-,3.13,30.5,35.5,20
Chase Budinger,SF-SG,11.08,-,3.24,29.5,38.5,10
DeMarre Carroll,PF-SF,-,-,-,-,-,-
Omri Casspi,SF,11.15,-,3.28,25.5,32.5,2
Dionte Christmas,SG,10.83,-,3.21,27.0,33.5,3
Earl Clark,SF-PF,11.17,-,3.35,28.5,33.0,5
Darren Collison,PG,10.45,-,3.10,30.5,33.5,9
Dante Cunningham,PF,11.18,-,3.26,28.0,35.0,18
Stephen Curry,PG-SG,11.07,-,3.28,29.5,35.5,10
Austin Daye,SF-PF,12.11,-,3.55,25.0,28.0,-
DeMar DeRozan,SG-SF,11.88,-,3.31,29.0,38.5,5
Toney Douglas,PG,10.63,-,3.03,28.0,32.5,15
Wayne Ellington,SG,11.14,-,3.20,31.5,38.0,13
Tyreke Evans,PG-SG,11.81,-,3.17,28.5,34.0,7
Jonny Flynn,PG,10.86,-,3.23,33.0,40.0,10
Taj Gibson,PF,11.56,-,3.41,25.5,30.0,12
Danny Green,SG-SF,11.30,-,3.30,29.0,33.0,15
Blake Griffin,PF,10.95,-,3.28,32.0,35.5,22
Tyler Hansbrough,PF,11.12,-,3.27,27.5,34.0,18
James Harden,SG,11.10,-,3.13,31.5,37.0,17
Gerald Henderson,SG-SF,11.17,-,3.14,31.5,35.0,8
Josh Heytvelt,PF-C,11.67,-,3.38,28.5,34.0,15
Jordan Hill,PF-C,12.23,-,3.30,31.0,35.0,11
Jrue Holiday,PG-SG,10.64,-,3.21,28.5,34.0,6
Joe Ingles,SF,10.66,-,3.30,26.0,31.0,3
James Johnson,SF-PF,11.21,-,3.23,30.5,35.0,18
Ty Lawson,PG,10.98,-,3.12,29.0,36.5,14
Eric Maynor,PG,10.78,-,3.19,28.5,31.5,8
Jack McClinton,SG-PG,10.44,-,3.21,30.0,36.5,13
Jerel McNeal,SG,10.61,-,3.25,31.5,36.5,10
Jodie Meeks,SG,10.96,-,3.10,28.5,37.0,14
Patty Mills,PG,10.87,-,3.10,27.5,33.0,8
Byron Mullens,C,11.10,-,3.45,28.5,32.5,10
A.J. Price,PG,10.99,-,3.22,26.0,31.0,11
Tyler Smith,SF,10.69,-,3.24,29.0,33.5,10
DaJuan Summers,SF,10.94,-,3.17,29.5,34.5,15
Jermaine Taylor,SG,11.54,-,3.32,34.0,37.5,16
Jeff Teague,PG,11.05,-,3.18,30.5,36.5,13
Hasheem Thabeet,C,-,-,-,-,-,-
Marcus Thornton,SG,10.73,-,3.28,31.0,33.0,14
Terrence Williams,SG-SF,11.15,-,3.18,30.5,37.0,9
Sam Young,SF-SG,11.47,-,3.45,27.5,33.0,-
Joe Alexander,SF-PF,11.33,-,2.99,32.5,38.5,24
Darrell Arthur,PF,12.18,-,3.14,28.5,30.0,12
D.J. Augustin,PG,11.27,-,3.07,28.5,35.0,2
Jerryd Bayless,PG-SG,11.26,-,3.07,31.0,38.0,10
Michael Beasley,PF-SF,11.06,-,3.24,30.0,35.0,19
Ramel Bradley,PG-SG,10.68,-,3.24,24.5,29.5,9
Tyrone Brazelton,PG,11.59,-,3.25,30.0,34.0,8
Takais Brown,PF,12.47,-,3.25,29.0,31.0,22
Keith Brumbaugh,SF-PF,11.65,-,3.28,26.0,27.0,2
Stanley Burrell,PG,11.19,-,3.19,29.5,34.5,21
Brian Butch,C-PF,11.87,-,3.52,24.0,26.5,9
Jamar Butler,PG,-,-,-,-,-,15
Pat Calathes,SF-PF,-,-,-,-,-,7
Joe Crawford,SG,11.67,-,3.22,31.0,36.0,13
Chris Daniels,C-PF,12.72,-,3.56,26.0,28.5,11
Joey Dorsey,PF-C,11.84,-,3.20,27.5,33.0,19
Marcus Dove,SF-PF,11.59,-,3.26,27.5,33.5,10
Josh Duncan,PF,12.47,-,3.26,28.0,32.0,26
Frank Elegar,PF,11.86,-,3.17,33.5,37.5,11
Patrick Ewing Jr.,SF-PF,11.77,-,3.43,35.0,42.0,2
Gary Forbes,SG,11.45,-,3.25,27.5,33.5,13
Shan Foster,SG,12.30,-,3.24,30.0,33.0,10
J.R. Giddens,SG,-,-,-,-,-,10
James Gist,PF,11.37,-,3.14,30.5,35.0,5
Vladimir Golubovic,C,12.40,-,3.33,21.5,27.0,15
Eric Gordon,SG,10.81,-,3.01,32.0,40.0,15
Kentrell Gransberry,C,12.16,-,3.32,24.5,27.5,18
Donte Greene,SF-PF,11.21,-,3.20,27.5,31.5,2
Malik Hairston,SG,11.33,-,3.08,30.5,38.0,13
DeVon Hardin,C-PF,11.49,-,3.33,29.5,32.0,20
Richard Hendrix,PF,10.62,-,3.27,26.5,28.0,13
George Hill,PG,12.20,-,3.07,34.0,37.5,9
Kyle Hines,SF-PF,12.17,-,3.40,28.5,33.0,16
Jiri Hubalek,C-PF,12.26,-,3.54,20.5,26.0,2
Lester Hudson,PG,11.15,-,3.16,30.5,36.0,12
Othello Hunter,PF-SF,11.51,-,3.18,28.0,34.5,7
Darnell Jackson,PF,11.75,-,3.26,27.0,31.0,11
Shawn James,PF,-,-,-,-,-,6
Davon Jefferson,SF,12.02,-,3.36,27.0,32.0,2
Joseph Jones,PF,11.61,-,3.33,25.5,31.0,16
DeAndre Jordan,C,12.30,-,3.27,26.0,30.5,8
Sasha Kaun,C-PF,12.06,-,3.20,29.0,32.0,13
Marcelus Kemp,SG,11.79,-,3.39,26.0,30.0,9
Maarty Leunen,SF,11.57,-,3.36,29.5,34.5,14
Longar Longar,C,-,-,-,-,-,14
Brook Lopez,C,12.77,-,3.57,27.5,30.5,7
Kevin Love,PF,11.17,-,3.22,29.5,35.0,18
Aleks Maric,C,11.76,-,3.35,23.0,28.0,15
O.J. Mayo,SG-PG,11.04,-,3.14,30.5,41.0,7
James Mays,PF,11.23,-,3.19,29.5,35.0,13
Luc Mbah a Moute,SF,11.71,-,3.17,32.0,38.5,11
JaVale McGee,C-PF,12.75,-,3.25,27.0,32.5,7
Drew Neitzel,PG,11.19,-,3.20,25.5,32.0,10
DeMarcus Nelson,PG-SG,10.54,-,3.13,34.5,38.5,19
David Padgett,C-PF,12.45,-,3.45,24.0,28.0,17
Jeremy Pargo,PG,10.65,-,3.07,32.0,37.0,7
Trent Plaisted,PF,11.32,-,3.17,30.5,35.5,14
Quan Prowell,SF-PF,11.79,-,3.14,32.0,36.0,16
Shaun Pruitt,C-PF,11.30,-,3.40,27.0,32.5,10
Anthony Randolph,PF-SF,11.86,-,3.26,29.0,35.0,7
Charles Rhodes,PF,11.51,-,3.13,26.5,33.5,14
John Riek,C,-,-,-,-,-,-
Brian Roberts,PG,10.65,-,3.05,31.5,36.5,10
Russell Robinson,PG,11.30,-,3.15,25.0,31.5,8
Richard Roby,SG-SF,-,-,-,-,-,-
Derrick Rose,PG,11.69,-,3.05,34.5,40.0,10
Sean Singletary,PG,-,-,-,26.0,-,18
Ronald Steele,PG,11.08,-,3.26,25.0,29.5,5
Mike Taylor,SG-PG,10.98,-,3.08,31.0,39.0,2
Bryce Taylor,SG,11.08,-,3.19,34.5,41.0,16
Mark Tyndale,SG-SF,12.52,-,3.14,27.0,33.5,5
Robert Vaden,SG,11.97,-,3.40,26.0,29.5,10
Deron Washington,SF,11.03,-,3.09,34.0,40.0,7
Sonny Weems,SG-SF,10.58,-,2.96,29.0,36.5,12
Russell Westbrook,PG,10.98,-,3.08,30.0,36.5,12
Reggie Williams,SG,11.32,-,3.07,31.5,36.5,15
Mohamed Abukar,SF,11.78,-,3.37,30.5,35.0,15
Mario Boggan,PF,12.18,-,3.45,24.0,26.5,12
Craig Bradshaw,PF,11.88,-,3.54,26.0,28.0,12
Corey Brewer,SF-SG,11.69,-,3.22,30.5,36.5,11
Aaron Brooks,PG,10.57,-,3.20,32.5,39.5,6
Bobby Brown,PG,11.27,-,3.25,32.5,41.0,3
Russell Carter,SG,11.61,-,3.29,33.0,38.5,25
Coleman Collins,PF,11.47,-,-,30.0,35.0,21
Mike Conley,PG,11.63,-,3.09,35.5,40.5,13
Daequan Cook,SG,11.12,-,3.22,30.0,34.5,4
Ryvon Covile,C-PF,12.52,-,3.37,25.0,30.5,19
Javaris Crittenton,PG,11.60,-,3.32,32.5,38.0,11
Jermareo Davidson,PF,12.63,-,3.53,27.0,30.0,7
Justin Doellman,PF,-,-,-,-,-,19
Zabian Dowdell,PG,11.13,-,3.29,30.0,33.5,3
Jared Dudley,SF,11.32,-,3.45,28.0,32.0,14
Kevin Durant,SF-PF,12.33,-,3.45,26.0,33.5,-
Rashaun Freeman,PF,11.43,-,3.41,28.0,32.0,20
Aaron Gray,C,12.07,-,3.70,27.0,32.5,17
Caleb Green,PF,11.72,-,3.46,28.5,36.0,9
Jeff Green,SF,12.00,-,3.34,33.5,38.0,17
Taurean Green,PG,11.30,-,3.26,29.0,32.5,8
Spencer Hawes,PF,11.88,-,3.51,26.0,29.0,9
Brandon Heath,PG,11.39,-,3.28,32.0,36.0,11
Herbert Hill,C,12.31,-,3.39,30.5,34.0,15
Al Horford,PF,12.15,-,3.37,31.0,35.5,20
Quinton Hosley,SF-SG,12.47,-,3.32,28.5,34.0,12
James Hughes,C,13.31,-,3.37,31.0,33.0,8
Jeremy Hunt,SG,12.11,-,3.29,30.5,33.0,10
Ekene Ibekwe,PF,11.00,-,3.28,34.5,39.0,10
Dominic James,PG,10.94,-,3.11,33.5,38.5,14
Trey Johnson,SG,11.78,-,3.31,26.5,35.0,18
Rashad Jones-Jennings,PF,12.18,-,3.29,25.0,30.0,20
Jared Jordan,PG,11.02,-,3.39,24.5,28.5,6
Coby Karl,SG-PG,11.57,-,3.41,32.0,34.5,9
Antanas Kavaliauskas,PF,11.19,-,3.42,25.5,30.0,19
Carl Landry,PF,11.35,-,3.29,31.5,36.5,21
Stephane Lasme,PF,11.73,-,3.22,29.5,36.0,17
Acie Law,PG,11.00,-,3.22,29.0,34.0,8
Marko Lekic,C,11.96,-,3.43,24.0,30.5,19
Ron Lewis,SG,11.59,-,3.22,33.0,38.0,16
Cartier Martin,SF,12.10,-,3.43,27.0,29.5,11
Dominic McGuire,SF,10.95,-,3.25,28.5,34.5,12
Josh McRoberts,PF,11.70,-,3.47,27.5,31.5,12
Sammy Mejia,SG,11.87,-,3.49,27.0,31.5,7
Brad Newley,SG,11.77,-,3.29,29.5,31.5,3
Demetris Nichols,SF,10.39,-,3.38,28.5,32.5,16
Joakim Noah,PF,11.79,-,3.47,32.5,37.5,12
Greg Oden,C,11.67,-,3.27,32.0,34.0,-
Ivan Radenovic,PF,11.61,-,3.60,23.0,28.0,7
JR Reynolds,PG,11.69,-,3.24,27.5,34.5,15
Chris Richard,PF,11.39,-,3.29,26.5,30.5,15
Dustin Salisbery,SG,11.07,-,3.12,34.0,38.0,11
Blake Schilb,SG,11.63,-,3.36,26.5,33.5,11
Renaldas Seibutis,SG,11.33,-,3.39,24.0,32.5,1
Ramon Sessions,PG,11.65,-,3.27,29.5,33.5,8
Mustafa Shakur,PG,11.82,-,3.27,28.5,35.0,11
Jason Smith,PF,10.96,-,3.29,33.5,37.5,15
DJ Strawberry,SG,10.87,-,3.14,28.5,35.0,21
Rodney Stuckey,SG-PG,11.34,-,3.11,30.5,35.0,14
Curtis Sumpter,SF,11.30,-,3.22,27.5,32.5,12
Yue Sun,SF,10.68,-,3.45,29.0,34.0,9
Jamaal Tatum,PG,11.51,-,3.22,28.5,33.0,7
Reyshawn Terry,SF,11.76,-,3.26,31.0,37.5,18
Al Thornton,SF,11.96,-,3.16,35.0,41.0,9
Anthony Tolliver,PF,11.49,-,3.29,28.5,30.0,21
Ali Traore,C-PF,12.16,-,3.52,25.0,29.0,11
Kyle Visser,C,12.60,-,3.39,26.0,29.0,18
Darryl Watkins,C,11.65,-,3.56,26.5,31.0,14
Major Wingate,C,12.14,-,3.47,27.5,30.5,15
DaShaun Wood,PG,11.40,-,3.23,31.5,34.5,13
Julian Wright,SF-PF,11.48,-,3.36,28.5,33.5,2
Brandan Wright,PF,11.76,-,3.31,30.5,35.5,2
Avis Wyatt,PF,11.46,-,3.23,27.5,32.0,12
Jianlian Yi,,-,-,-,-,-,-
Nick Young,SG-SF,11.00,-,3.25,39.5,40.5,6
Thaddeus Young,SF,11.06,-,3.19,34.5,37.0,13
Kenny Adeleke,PF-C,11.57,-,3.47,28.5,30.5,26
Maurice Ager,SG-PG,11.73,-,3.22,29.5,35.0,11
LaMarcus Aldridge,PF-C,12.02,-,3.43,26.5,34.0,8
Morris Almond,SG-SF,11.45,-,3.19,31.0,35.5,13
Lou Amundson,PF,10.58,-,3.20,32.0,35.5,14
Rashad Anderson,SG,11.77,-,3.48,27.5,32.5,13
Hilton Armstrong,C-PF,12.28,-,3.53,28.5,31.5,13
James Augustine,PF,10.54,-,3.25,30.0,32.5,13
Renaldo Balkman,SF-PF,11.58,-,3.22,30.5,35.0,9
J.P. Batista,PF,11.62,-,3.38,26.0,30.5,26
Will Blalock,PG,11.08,-,3.18,35.0,40.0,8
Brandon Bowman,SF,11.41,-,3.31,31.0,34.0,24
Ronnie Brewer,SG-PG,11.32,-,3.14,35.0,41.0,19
Denham Brown,SG-SF,11.42,-,3.25,28.0,34.5,12
Brad Buckman,PF,12.26,-,3.54,25.5,30.5,10
Nik Caner-Medley,SF,10.57,-,3.21,28.5,35.5,17
Rodney Carney,SG-SF,10.57,-,3.06,32.0,38.5,10
Keydren Clark,PG,11.03,-,3.11,31.0,34.0,13
Mardy Collins,PG-SG,12.00,-,3.27,31.5,37.5,9
Taquan Dean,SG-PG,10.53,-,3.20,30.5,34.5,16
Terence Dials,PF-C,11.54,-,3.50,26.5,30.0,16
Sean Dockery,PG-SG,10.88,-,3.34,29.0,33.0,4
Jordan Farmar,PG,11.07,-,3.17,33.5,42.0,11
Randy Foye,SG-PG,10.53,-,3.23,32.0,38.0,14
Torin Francis,PF-C,11.97,-,3.51,26.5,32.0,9
Rudy Gay,SF-PF,11.03,-,3.32,33.0,40.5,9
Nick George,SF-SG,11.69,-,3.25,30.5,38.0,14
Taj Gray,PF-SF,11.02,-,3.45,28.5,33.0,10
Dan Grunfeld,SF-SG,11.30,-,3.46,28.0,33.5,16
Matt Haryasz,PF-C,11.34,-,3.46,27.5,31.5,10
Eric Hicks,PF,12.06,-,3.34,30.0,34.0,20
Tedric Hill,SF-PF,12.23,-,3.24,30.0,36.5,1
Daniel Horton,PG-SG,10.35,-,3.16,30.0,36.5,17
Bobby Jones,SF-SG,11.23,-,3.28,28.5,34.5,15
Solomon Jones,PF-C,11.27,-,3.30,32.0,39.0,6
Viktor Keyru,SG-PG,11.40,-,3.24,29.0,34.5,11
Marco Killingsworth,PF,11.42,-,3.34,28.0,32.0,13
Tarence Kinsey,SF-SG,10.67,-,3.30,29.0,35.5,5
Carl Krauser,PG,11.62,-,3.38,26.0,31.0,8
Chris McCray,SG,11.46,-,3.34,30.5,39.0,1
Gerry McNamara,PG-SG,11.28,-,3.40,27.0,32.0,3
Pops Mensah-Bonsu,PF-C,11.47,-,3.29,31.5,36.0,19
Paul Miller,PF-C,12.25,-,3.66,29.0,35.5,25
Paul Millsap,PF,11.67,-,3.30,28.5,32.5,15
Dwayne Mitchell,SG-SF,11.45,-,3.16,37.5,41.5,17
Adam Morrison,SF,11.46,-,3.37,25.5,30.5,11
Yemi Nicholson,PF-C,12.57,-,3.65,26.5,26.0,8
David Noel,SF-SG,10.54,-,3.07,34.5,38.5,20
Steve Novak,SF,11.11,-,3.37,24.5,31.0,5
Patrick O'Bryant,C,12.68,-,3.63,26.5,30.0,13
Danilo Pinnock,PG-SG,11.91,-,3.08,29.5,35.5,7
Chris Quinn,PG-SG,11.25,-,3.25,32.0,37.0,7
Allan Ray,SG,11.01,-,3.20,28.5,35.5,9
JJ Redick,SG,10.94,-,3.29,27.5,33.0,6
Antywane Robinson,SF-PF,11.73,-,3.40,29.0,32.5,12
Brandon Roy,SG-SF,11.13,-,3.27,34.0,40.5,6
Blake Schilb,PG-SG,11.25,-,3.43,28.5,34.5,13
Mouhamed Sene,C,12.52,-,3.38,28.5,31.0,7
Cedric Simmons,PF-C,11.05,-,3.31,30.5,35.0,15
Marcus Slaughter,PF-SF,11.56,-,3.40,30.0,34.0,9
Craig Smith,PF,11.59,-,3.40,30.0,29.5,-
Steven Smith,SF-PF,12.08,-,3.40,29.5,34.5,15
Michael Southhall,C,12.29,-,3.51,31.5,37.0,2
Frans Steyn,C,11.67,-,3.38,28.5,29.5,-
Curtis Stinson,SG,10.95,-,3.27,28.0,31.5,17
Tyrus Thomas,PF-SF,11.36,-,3.20,34.0,39.5,8
Joah Tucker,SF-SG,11.58,-,3.31,29.0,34.0,19
Ian Vouyoukas,C-PF,13.70,-,3.72,23.0,28.0,8
Darius Washington,PG,10.71,-,3.26,29.0,37.5,9
CJ Watson,PG,11.61,-,3.15,31.5,34.0,12
Marcus Williams,PG,11.30,-,3.40,24.5,28.0,4
Shawne Williams,SF-PF,10.69,-,3.30,32.0,31.0,-
Justin Williams,C-PF,11.90,-,3.31,26.5,31.5,7
Shelden Williams,PF-C,11.53,-,3.59,29.0,33.5,25
Eric Williams,C-PF,11.71,-,3.56,28.5,29.0,17
Curtis Withers,PF-SF,11.54,-,3.10,35.0,36.5,14
Alex Acker,SG,11.67,-,3.35,28.0,32.0,11
Deji Akindele,C-PF,12.58,-,3.35,30.5,32.5,13
Mustafa Al-Sayyad,PF-C,11.56,-,3.42,26.5,30.5,-
Nemanja Aleksandrov,PF-SF,-,-,-,-,-,5
Alan Anderson,SG-SF,10.32,-,3.27,26.5,30.5,10
Martynas Andriuskevicius,C-PF,11.94,-,3.42,24.0,27.5,-
Sean Banks,SF,11.74,-,3.35,25.0,31.5,7
Eddie Basden,SG-SF,10.52,-,3.21,33.0,36.5,14
Mike Bell,SF-PF,11.73,-,3.29,33.5,39.5,13
Andrew Bogut,C-PF,12.06,-,3.51,27.5,33.5,13
Dee Brown,PG-SG,-,-,-,-,-,-
Will Bynum,PG-SG,11.12,-,3.00,33.0,40.5,15
Marcus Campbell,C,-,-,-,-,-,9
Will Conroy,PG,10.51,-,3.28,30.5,36.5,14
Taylor Coppenrath,PF-SF,11.51,-,3.44,24.5,27.0,5
Travis Diener,PG-SG,10.85,-,3.26,24.5,31.0,1
Ike Diogu,PF,11.94,-,3.45,28.0,31.0,21
Daryl Dorsey,PG,11.41,-,3.24,25.0,30.5,-
Monta Ellis,SG-PG,12.13,-,3.31,26.5,31.5,-
Raymond Felton,PG,10.50,-,3.06,29.0,33.5,6
Rudy Fernandez,SG,10.48,-,3.33,26.5,35.5,-
D'Or Fischer,C-PF,12.53,-,3.50,28.0,30.5,2
Eddy Fobbs,C-PF,11.53,-,3.28,29.5,34.0,12
Sharrod Ford,PF,11.92,-,3.20,28.5,37.0,9
Channing Frye,PF-C,11.60,-,3.38,27.5,31.0,19
Deng Gai,PF-C,12.51,-,3.27,31.5,35.5,11
Francisco Garcia,SF-SG,10.63,-,3.33,27.5,31.5,5
John Gilchrist,PG,11.48,-,3.15,30.5,36.5,12
Marcin Gortat,PF-C,11.48,-,3.33,29.5,36.0,18
Joey Graham,SF,10.62,-,3.05,30.0,36.0,26
Danny Granger,,10.84,-,3.34,31.0,34.0,10
Gerald Green,SF,11.20,-,3.21,31.5,39.0,7
Charles Hayes,SF-PF,10.70,-,3.34,30.0,33.0,20
Luther Head,PG-SG,11.12,-,3.21,31.5,38.5,14
Julius Hodge,SG-SF,10.89,-,3.18,24.5,29.0,14
Jared Homan,C-PF,-,-,-,-,-,16
Ersan Ilyasova,SF,11.59,-,3.56,22.0,30.0,2
Jarrett Jack,PG,10.87,-,3.24,26.0,28.5,5
Dwayne Jones,C-PF,11.87,-,3.25,28.0,31.5,15
Mindaugas Katelynas,SF-PF,11.60,-,3.38,31.5,35.0,7
Jason Klotz,C-PF,13.13,-,3.68,21.5,27.0,12
Carl Krauser,PG-SG,11.62,-,3.38,26.0,31.0,8
Keith Langford,SG-SF,11.38,-,3.23,32.0,29.5,8
David Lee,PF,10.80,-,3.19,30.5,32.5,14
David Lucas,PF,-,-,-,-,-,17
John Lucas III,PG,10.44,-,3.14,29.0,34.0,4
Rawle Marshall,SG-SF,11.64,-,3.21,30.5,37.0,7
Jason Maxiell,PF,-,-,-,-,-,-
Sean May,PF,11.04,-,3.29,30.0,33.0,12
Rashad McCants,SG,10.39,-,3.11,32.5,34.5,15
Ivan McFarlin,PF,10.64,-,3.27,26.5,32.0,10
Juan Mendez,PF-SF,11.70,-,3.24,29.0,33.0,14
Aaron Miles,PG,10.69,-,3.22,32.0,37.5,7
Ellis Myles,PF,12.80,-,3.42,26.0,28.5,15
Larry O'Bannon,SG,11.44,-,3.18,31.5,36.5,17
Drago Pasalic,SF-PF,12.12,-,3.48,25.0,30.5,11
Chris Paul,PG,11.09,-,3.22,32.0,38.0,10
Kevin Pittsnogle,PF,-,-,-,-,-,-
Carlos Powell,SF-PF,11.54,-,3.21,27.5,34.5,12
Roger Powell,SF,-,-,-,-,-,-
Ronnie Price,PG,10.49,-,3.29,31.5,39.0,11
Anthony Roberson,PG,11.17,-,3.19,31.5,37.0,14
Brandon Rush,SG-SF,11.33,-,3.31,32.5,35.0,-
Luke Schenscher,C,12.40,-,3.47,23.5,26.5,1
Wayne Simien,PF,11.05,-,3.35,27.0,27.5,11
Tre Simmons,SG-SF,10.80,-,3.18,27.0,31.5,3
David Simon,C-PF,11.98,-,3.44,28.0,33.0,18
Chris Taft,PF,11.26,-,3.27,28.5,33.0,14
Chris Thomas,PG,10.84,-,3.33,28.5,34.0,14
Omar Thomas,SF-SG,11.11,-,3.27,25.0,29.5,6
Dijon Thompson,SF-SG,-,-,-,-,-,-
Ronny Turiaf,PF,11.50,-,3.23,30.5,33.0,15
Charlie Villanueva,PF-SF,10.86,-,3.30,26.0,31.0,11
Hakim Warrick,PF-SF,-,-,3.22,33.0,38.0,11
Martell Webster,SF,11.39,-,3.39,28.0,30.5,7
Robert Whaley,PF-C,12.11,-,3.25,28.5,33.5,15
Marvin Williams,PF-SF,11.11,-,3.17,29.5,35.0,12
Deron Williams,PG,10.83,-,3.25,30.0,35.0,15
Jawad Williams,SF,11.39,-,3.23,28.0,34.0,15
Antoine Wright,SF-SG,11.45,-,3.41,26.5,29.5,12
Bracey Wright,SG-PG,11.58,-,3.27,30.0,36.0,8
Tony Allen,SG,10.70,-,3.19,31.5,36.5,17
Trevor Ariza,SG-SF,11.63,-,3.29,29.5,32.0,8
Andre Barrett,PG,10.63,-,3.08,29.0,34.5,13
Brandon Bass,PF,11.61,-,3.24,31.5,33.0,18
Andris Biedrins,C,-,-,-,-,-,-
Tony Bobbitt,SG,-,-,-,-,-,1
Brian Boddicker,SF-PF,10.93,-,3.25,28.0,30.0,16
Tim Bowers,PG-SG,11.24,-,3.21,37.0,43.5,13
Andre Brown,PF-C,11.70,-,3.22,32.0,35.5,18
Antonio Burks,PG,-,-,-,-,-,9
Jackie Butler,C,13.32,-,3.40,23.0,25.0,14
Aleksandar Capin,PG,11.50,-,3.27,23.0,29.0,4
Ales Chan,C,12.90,-,3.62,21.0,29.0,2
Josh Childress,SG-SF,11.95,-,3.38,29.0,36.0,11
TJ Cummings,SF,11.58,-,3.12,27.0,31.0,6
Erik Daniels,SF-PF,11.38,-,3.19,31.0,32.0,4
Luol Deng,SF,11.46,-,3.34,27.5,31.5,5
Marcus Douthit,C-PF,11.64,-,3.34,25.5,31.5,1
Chris Duhon,PG,10.45,-,3.14,31.5,35.0,7
John Edwards,C,-,-,-,-,-,15
Andre Emmett,SG-SF,-,-,-,-,-,-
Desmon Farmer,SG,10.89,-,3.20,24.0,31.0,12
Luis Flores,PG-SG,10.97,-,3.10,29.0,32.0,15
Matt Freije,SF-PF,11.15,-,3.25,29.5,31.0,13
Chris Garnett,C-PF,11.75,-,3.36,27.0,31.5,22
Ryan Gomes,SF-PF,12.49,-,3.24,26.5,30.5,9
Ben Gordon,PG-SG,11.28,-,3.19,31.5,37.5,12
Devin Harris,PG,11.03,-,3.19,30.5,37.0,5
Dwight Howard,PF-C,11.21,-,3.14,30.5,35.5,7
Rolando Howell,PF,11.91,-,3.28,28.5,34.5,-
Kris Humphries,PF,11.33,-,3.20,29.5,36.0,22
Andre Iguodala,SG-SF,11.17,-,3.18,30.5,34.5,4
Martin Iti,C-PF,12.28,-,3.41,26.5,32.5,13
Luke Jackson,SF-SG,11.10,-,3.24,26.5,36.0,13
Al Jefferson,PF-SF,13.08,-,3.29,28.5,30.0,3
Arthur Johnson,PF-C,11.81,-,3.38,26.5,28.5,14
Ivan Koljevic,PG,11.07,-,3.28,26.0,28.5,4
Herve Lamizana,SF-PF,-,-,-,-,-,-
Sergei Lishouk,PF-SF,-,-,-,-,-,-
Shaun Livingston,PG-SG,10.72,-,3.23,26.5,30.0,-
Jaime Lloreda,PF,12.93,-,3.23,25.5,29.5,6
Bryant Matthews,SF-SG,11.08,-,3.13,29.0,34.5,13
Marcus Melvin,SF-PF,11.81,-,3.33,25.0,30.5,11
Rich Melzer,PF-SF,11.74,-,3.39,24.5,28.5,8
Ricky Minard,PG-SG,10.94,-,3.10,27.5,33.0,13
James Moore,PF-SF,11.01,-,3.21,28.5,32.5,-
Marcus Moore,PG-SG,11.31,-,3.34,25.0,30.0,-
Michel Morandais,SG-SF,11.45,-,3.22,30.5,33.5,16
Jameer Nelson,PG,10.95,-,3.14,28.5,33.5,15
Misan Nikagbatse,SG-PG,11.27,-,3.32,27.5,32.5,11
Emeka Okafor,C-PF,12.32,-,3.15,31.5,34.0,22
Randall Orr,PF-SF,11.18,-,3.27,26.5,33.0,6
Dylan Page,SF,10.99,-,3.40,26.0,30.0,17
Drago Pasalic,PF,12.97,-,3.56,25.5,30.0,8
Rickey Paulding,SG,11.14,-,3.17,30.0,36.0,17
Kelvin Pena,SG-PG,11.50,-,3.24,27.5,32.5,1
Tim Pickett,PG-SG,-,-,-,-,-,-
Omar Quintero,PG,11.37,-,3.25,25.0,29.0,2
Peter Ramos,C,12.61,-,3.60,24.0,26.5,2
Jared Reiner,C-PF,12.65,-,3.56,22.0,26.0,15
Lawrence Roberts,PF,12.52,-,3.30,27.5,33.0,18
Bernard Robinson,SG-SF,10.91,-,3.17,28.5,34.5,14
Nate Robinson,PG,10.75,-,2.96,35.5,43.5,13
Aerick Sanders,PF,11.98,-,3.37,24.5,30.5,9
Romain Sato,SG,11.27,-,3.18,31.5,35.5,8
Blagota Sekulic,SF-PF,10.93,-,3.39,23.5,31.5,8
Josh Smith,SG-SF,11.43,-,3.24,32.5,39.5,12
J.R. Smith,SG-SF,10.93,-,3.21,29.0,35.5,5
Kirk Snyder,SG-SF,10.79,-,3.13,30.0,35.0,19
Pape Sow,PF-C,12.13,-,3.27,28.0,31.5,18
Tiago Splitter,C-PF,11.65,-,3.38,26.0,31.5,8
Blake Stepp,PG,-,-,-,-,-,-
Tom Timmerrmans,PF-C,13.13,-,3.63,23.0,26.5,15
Marko Tomas,SG-PG,11.80,-,3.23,32.0,31.5,-
Beno Udrih,PG,-,-,-,-,-,2
Jackson Vroman,PF-C,10.75,-,3.25,29.5,33.5,12
Delonte West,PG-SG,11.20,-,3.15,30.0,35.0,12
Damien Wilkins,SG-SF,11.92,-,3.15,26.5,31.0,15
Mike Williams,SF,11.59,-,3.42,23.5,27.5,-
Nate Williams,PF-SF,12.60,-,3.35,23.5,26.0,1
Rashad Wright,PG,11.15,-,3.28,28.5,32.5,10
Aloysius Anagonye,PF,12.93,-,3.30,31.0,34.5,6
Rick Anderson,SF-PF,11.23,-,3.40,26.0,30.5,6
Carmelo Anthony,SF,11.40,-,3.15,30.5,33.5,7
Jerome Beasley,SF-PF,11.36,-,3.25,27.0,32.0,10
Troy Bell,PG,10.89,-,3.06,34.5,41.0,17
LaVell Blanchard,SF,11.64,-,3.38,33.5,36.5,12
Keith Bogans,SG,11.43,-,3.25,29.5,35.0,10
Matt Bonner,PF-SF,11.52,-,3.32,27.0,32.0,20
Chris Bosh,PF,11.80,-,3.30,30.5,33.0,9
Jermaine Boyette,PG-SG,11.20,-,3.07,29.0,35.5,14
Souleymane Camara,PF-SF,11.51,-,3.20,28.5,34.5,2
Matt Carroll,SG-SF,11.11,-,3.35,29.0,33.5,13
Nick Collison,PF,11.62,-,3.28,28.0,33.0,8
Brian Cook,PF-SF,11.87,-,3.45,25.0,29.0,6
Joel Cornette,PF-SF,11.27,-,3.14,26.0,32.5,13
Marquis Daniels,SG-PG,11.62,-,3.25,30.5,35.0,6
Aleksander Djuric,C-PF,11.97,-,3.65,23.5,27.5,3
Ruben Douglas,SG,11.95,-,3.27,28.5,35.0,9
Ronald Dupree,SF-SG,11.09,-,3.23,37.5,41.5,11
Carl English,SG-PG,11.77,-,3.32,28.0,34.0,11
Ebi Ere,SG,11.38,-,3.16,29.5,33.5,-
Marquis Estill,PF-C,12.92,-,3.31,30.0,36.0,7
T.J. Ford,PG,11.45,-,3.20,32.5,39.5,-
Jason Gardner,PG,10.62,-,3.17,30.5,35.0,10
Willie Green,SG-PG,11.86,-,3.19,28.5,28.5,13
Justin Hamilton,PG-SG,11.18,-,3.18,30.0,37.5,17
Travis Hansen,SG,10.72,-,3.18,31.5,35.0,16
Trevor Harvey,C-PF,11.85,-,3.32,29.5,32.0,11
Marcus Hatten,PG,11.50,-,3.15,29.5,37.5,7
Kirk Hinrich,PG-SG,10.98,-,3.10,29.0,33.5,10
Jerry Holman,PF,11.54,-,3.24,33.0,37.5,11
Sam Hoskin,PF,-,-,-,-,-,24
Josh Howard,SF-SG,10.89,-,3.09,33.0,36.5,4
Brandon Hunter,PF,11.13,-,3.21,32.5,35.0,25
Sani Ibrahim,C-PF,13.02,-,3.40,26.0,30.5,12
Michael Ignerski,PF-SF,11.21,-,3.13,26.5,33.0,10
Robert Jackson,PF-C,11.26,-,3.25,23.5,26.0,15
LeBron James,SF-SG,-,-,-,-,-,-
Britton Johnsen,SF-PF,10.67,-,3.08,26.5,32.5,13
James Jones,SF,11.18,-,3.19,30.5,33.0,9
Dahntay Jones,SG-SF,10.91,-,3.11,30.0,39.5,-
Chris Kaman,C-PF,11.33,-,3.37,23.5,30.5,15
Jason Kapono,SG-SF,11.04,-,3.38,23.5,30.0,8
Jason Keep,C-PF,11.18,-,3.30,29.5,34.0,27
Bernard King,SG-PG,11.37,-,3.18,28.0,33.5,11
Brandin Knight,PG,-,-,-,-,-,6
Kyle Korver,SF,11.42,-,3.47,25.5,31.5,13
James Lang,C-PF,14.01,-,3.55,24.5,32.0,8
Donald Little,PF-C,11.18,-,3.20,33.0,37.0,18
Chris Marcus,C,-,-,-,-,-,12
Chris Massie,PF-C,12.48,-,3.22,26.5,33.0,13
Will McDonald,C-PF,11.83,-,3.42,25.0,32.5,17
Darko Milicic,PF,11.30,-,3.36,26.5,32.5,13
Jeff Newton,PF,11.18,-,3.23,27.5,34.0,9
Uche Nsonwu-Amadi,PF-C,11.83,-,3.25,27.5,29.0,21
Ugonna Okyekwe,SF,11.43,-,3.20,32.0,36.5,8
Marlon Parmer,PG,-,-,3.42,28.0,32.0,13
Stephane Pelle,PF-SF,11.37,-,3.27,28.5,33.0,17
Kirk Penney,SG-SF,10.44,-,3.04,32.0,35.5,15
Pavel Podkolzin,C,13.40,-,3.80,19.5,22.5,5
Josh Powell,PF-SF,11.72,-,3.20,32.5,38.5,15
Hollis Price,PG-SG,10.72,-,3.25,27.5,33.0,1
Luke Ridnour,PG,11.00,-,3.28,26.0,32.5,-
Joe Shipp,SG,11.75,-,3.20,29.0,34.5,17
Ron Slay,SF-PF,12.01,-,3.43,28.5,31.5,10
Theron Smith,PF-SF,10.99,-,3.10,28.5,32.0,25
Tommy Smith,PF-SF,11.54,-,3.14,30.0,33.0,2
Marvin Stone,C-PF,12.10,-,3.50,25.5,27.5,9
Michael Sweetney,PF,12.90,-,3.28,26.0,31.5,3
Sasha Vujacic,PG-SG,-,-,-,-,-,-
Dwyane Wade,SG-SF,10.56,-,3.08,31.5,35.0,9
Wayne Wallace,PF,11.85,-,3.24,29.5,36.0,6
Luke Walton,SF-PF,-,-,-,28.0,-,12
David West,PF-SF,12.18,-,3.43,28.5,31.5,11
Mo Williams,PG-SG,-,-,-,-,-,3
Wesley Wilson,C-PF,12.19,-,3.30,27.0,30.5,20
Doug Wrenn,SF-PF,11.38,-,3.17,34.5,41.0,15
Derrick Zimmerman,PG,11.09,-,3.10,34.0,40.5,13
Nene ,PF,10.73,-,3.19,30.0,34.0,16
Robert Archibald,PF-C,11.34,-,3.33,24.0,27.5,10
Maurice Baker,PG,12.19,-,3.29,29.5,33.0,2
Matt Barnes,SF,10.68,-,3.28,35.5,40.5,11
Lubos Barton,SF-SG,11.20,-,3.31,25.5,31.5,14
Lonny Baxter,PF-C,11.77,-,3.21,28.0,32.5,14
Lee Benson,SF-PF,11.44,-,3.29,27.5,32.5,14
Carlos Boozer,PF,10.77,-,3.31,26.5,28.5,13
Curtis Borchardt,C,12.56,-,3.63,24.0,27.0,7
J.R. Bremer,SG-PG,10.93,-,3.10,30.0,35.5,24
Brian Brown,PG-SG,11.43,-,3.29,26.0,33.0,8
Sylvere Bryan,PF,12.03,-,3.20,28.5,29.5,13
Chris Burgess,C,11.58,-,3.37,24.5,31.0,24
Caron Butler,SF-SG,12.15,-,3.33,27.0,31.0,2
Rasual Butler,SF,11.54,-,3.29,31.5,37.5,10
Mire Chatman,PG-SG,11.12,-,3.18,29.0,33.0,1
Chris Christoffersen,C,12.55,-,3.39,28.0,31.0,13
Lenny Cooke,SG-SF,-,-,-,-,-,-
Craig Dawson,SG-SF,12.06,-,3.25,26.0,30.0,-
Mike Dunleavy,SF,11.55,-,3.30,24.5,29.0,11
Teddy Dupay,PG,10.53,-,3.19,28.0,33.0,16
Corsley Edwards,PF,12.18,-,3.31,28.5,33.0,12
Andy Ellis,PF,11.69,-,3.34,32.0,35.5,6
Melvin Ely,PF,11.96,-,3.35,26.0,29.0,7
Reggie Evans,PF,12.73,-,3.26,26.0,29.5,15
Peter Fehse,PF-C,-,-,-,-,-,-
Drew Gooden,PF,11.81,-,3.19,29.0,33.0,13
David Graves,SG,11.20,-,3.27,26.0,29.5,8
Lynn Greer,PG,11.24,-,3.16,29.5,36.5,12
Rod Grizzard,SF-SG,-,-,-,-,-,6
Anthony Grundy,PG-SG,11.10,-,3.39,27.5,32.0,-
Marcus Haislip,PF,11.35,-,3.21,33.5,36.5,8
Damon Hancock,SG-PG,11.62,-,3.03,32.0,35.0,15
Greg Harrington,PG,12.06,-,3.32,28.5,34.0,15
Udonis Haslem,PF,11.80,-,3.31,28.5,33.5,22
Cordell Henry,PG,11.30,-,3.04,33.0,37.5,1
Randy Holcomb,SF-PF,12.85,-,3.22,29.5,35.5,15
Ryan Humphrey,PF-SF,11.75,-,3.20,31.5,37.5,13
Jared Jeffries,PF,11.73,-,3.40,26.0,30.0,9
Jason Jennings,C,11.92,-,3.62,29.0,32.0,8
Fred Jones,SG,11.12,-,3.13,33.5,37.5,-
Lonnie Jones,C-PF,11.80,-,3.33,30.5,31.5,15
Mario Kasun,C,-,-,-,-,-,12
Sean Kennedy,PG,11.64,-,3.28,22.5,26.5,-
Kris Lang,C-PF,11.36,-,3.24,28.0,29.0,19
Muhammed Lasege,C-PF,12.96,-,3.29,27.5,30.0,18
Steve Logan,PG,-,-,-,-,-,11
Kevin Lyde,C-PF,12.97,-,3.36,27.5,30.5,13
Tito Maddox,PG,12.20,-,3.24,27.0,32.5,-
Kei Madison,SF,11.74,-,3.22,27.5,34.5,6
Chris Massie,PF,-,-,-,-,-,-
Immanuel McElroy,SG,-,-,-,-,-,9
Aaron McGhee,PF-SF,12.24,-,-,26.0,28.5,-
Elvin Mims,SF-SG,11.17,-,3.22,32.0,38.0,7
Byron Mouton,SG-SF,11.84,-,3.10,24.0,30.0,7
Ronald Murray,SG,11.13,-,3.16,31.0,36.5,9
Uche Okafor,PF-C,14.45,-,3.34,24.5,25.0,10
Chris Owens,PF-SF,-,-,-,-,-,10
Jannero Pargo,PG,11.11,-,3.20,25.5,29.5,5
Smush Parker,PG-SG,12.30,-,3.26,21.0,28.5,1
Luke Recker,SG-SF,10.78,-,3.27,25.5,31.0,13
Rolan Roberts,PF,11.36,-,3.33,32.5,37.5,16
Travis Robinson,SF,11.96,-,3.43,26.0,33.0,3
Kareem Rush,SG-SF,11.86,-,3.22,26.0,30.0,15
Brooks Sales,PF-C,11.05,-,3.29,26.0,29.5,13
John Salmons,SF-SG,11.35,-,3.25,30.5,34.5,12
Predrag Savovic,SG,10.94,-,3.38,22.5,28.5,13
Julian Sensley,PF-SF,11.85,-,3.32,27.5,31.5,8
Israel Sheinfeld,PF-C,-,-,-,-,-,8
Preston Shumpert,SF,11.03,-,3.24,28.5,29.0,9
Tamar Slay,SF,10.94,-,3.09,32.5,38.0,11
Darius Songaila,PF,11.69,-,3.52,24.5,29.5,8
Amar'e Stoudemire,PF,11.19,-,3.25,32.0,35.5,12
Marcus Taylor,PG,11.25,-,3.31,27.5,33.5,4
Jobey Thomas,SG,11.46,-,3.30,26.0,32.0,13
Dajuan Wagner,PG-SG,12.03,-,3.22,28.0,35.0,16
Chris Wilcox,PF-C,11.43,-,3.16,31.0,34.5,20
Frank Williams,PG,11.73,-,3.29,26.0,31.0,-
George Williams,PF-SF,11.21,-,3.24,33.5,39.0,11
Jay Williams,PG,10.34,-,3.09,28.5,36.0,10
Qyntel Woods,SF-SG,11.94,-,3.23,33.5,34.5,2
Vincent Yarbrough,SF,11.70,-,3.32,30.0,34.0,10
Adam Allenspach,C,11.90,-,3.40,28.5,31.0,16
Gilbert Arenas,SG,-,-,3.25,31.5,36.0,12
Brandon Armstrong,SG,10.91,-,3.20,30.0,37.0,6
Shane Battier,SF-PF,10.95,-,3.30,29.5,33.0,12
Cookie Belcher,SG-PG,11.26,-,2.91,35.0,41.5,7
Charlie Bell,PG,10.59,-,3.12,31.5,38.0,15
Ruben Boumtje-Boumtje,C,11.84,-,3.33,26.5,31.0,6
Calvin Bowman,PF,11.96,-,3.21,28.5,34.5,7
Michael Bradley,PF,11.11,-,3.35,27.0,30.0,13
Jamison Brewer,PG,9.65,-,3.15,26.0,32.5,12
Kwame Brown,PF-C,11.59,-,3.45,30.0,33.0,17
SirValiant Brown,PG,11.23,-,3.00,31.0,39.5,10
Damone Brown,SF,11.81,-,3.27,32.0,37.0,6
Ryan Carroll,SF-SG,11.00,-,3.10,34.5,39.0,14
Tyson Chandler,SF-PF,12.13,-,3.36,31.0,33.5,2
Eric Chenowith,C,12.50,-,3.59,23.5,27.5,6
Sam Clancy,PF,11.47,-,3.13,31.0,34.0,15
Gyasi Cline-Heard,PF,11.40,-,3.23,31.5,34.5,11
Jason Collins,PF-C,12.10,-,3.54,25.5,28.5,8
Jarron Collins,C-PF,11.65,-,3.60,23.0,29.0,10
Omar Cook,PG,10.77,-,3.20,31.0,35.5,9
Eddy Curry,C,12.25,-,3.53,28.0,31.0,16
Tate Decker,SF,12.19,-,3.47,25.5,28.5,13
DeSagana Diop,C,12.37,-,3.56,21.5,25.5,15
Robb Dryden,C,12.47,-,3.46,27.0,30.0,8
Anthony Evans,PF,12.56,-,3.31,31.5,33.0,18
Maurice Evans,SG,10.08,-,3.12,34.5,37.5,22
Benjamin Eze,C-PF,13.05,-,3.36,29.0,32.0,14
Kimani Ffriend,C-PF,11.46,-,3.09,32.0,33.0,9
Alton Ford,PF,11.70,-,3.16,34.5,36.5,21
Joseph Forte,SG,11.51,-,3.19,26.5,33.0,10
Jason Gardner,PG,10.88,-,2.92,34.5,40.0,9
Jerry Green,PG-SG,11.70,-,3.17,28.5,35.0,13
Kenny Gregory,SF,11.33,-,3.10,39.5,45.5,10
Eddie Griffin,PF-SF,11.77,-,3.21,26.5,33.0,3
Trenton Hassell,SG-SF,11.57,-,3.29,35.5,37.5,12
Kirk Haston,PF-SF,12.25,-,3.35,27.0,31.5,11
Charles Hathaway,C,-,-,-,-,-,-
Brendan Haywood,C,12.87,-,3.50,27.0,28.5,17
Michael Hicks,SG,11.38,-,3.19,33.0,40.5,13
Steven Hunter,C-PF,11.99,-,3.15,30.5,38.5,11
Andre Hutson,PF,11.25,-,3.30,29.0,32.5,17
Nate James,SF,11.42,-,3.31,26.0,31.0,23
Richard Jefferson,SF,11.19,-,3.15,33.0,38.5,14
Horace Jenkins,PG,10.97,-,3.10,34.5,41.0,2
Darrell Johns,C,12.41,-,3.59,23.5,30.0,18
Ken Johnson,C,11.27,-,3.12,32.5,35.0,13
Joe Johnson,SF-SG,12.05,-,3.40,32.5,36.5,12
Darren Kelly,SG-PG,11.38,-,3.21,30.5,34.5,1
Sean Lampley,SF,11.06,-,3.12,36.0,40.0,12
Zach Marbury,PG-SG,11.53,-,3.10,33.0,36.5,-
Mike Mardesich,C-PF,11.65,-,3.45,24.0,30.0,8
DeMarcus Minor,SG,10.57,-,3.15,29.0,41.0,9
Jamario Moon,SF,11.64,-,3.08,33.0,43.0,-
Troy Murphy,PF,11.22,-,3.43,28.5,34.5,11
Troy Ostler,PF-SF,13.42,-,3.50,26.5,29.5,2
Lazaros Papadopoulos,C-PF,12.00,-,3.70,23.0,26.0,4
Rashad Phillips,PG,11.93,-,3.27,27.0,32.0,5
Demetrius Porter,PG,11.50,-,3.34,26.0,31.0,5
Martin Rancik,PF-SF,10.77,-,3.19,32.0,37.0,14
Jason Richardson,SF-SG,11.75,-,3.12,32.5,39.5,15
Norman Richardson,SG,10.97,-,3.15,30.5,35.5,2
Jeryl Sasser,PG-SG,11.47,-,3.22,29.0,34.0,1
Kenny Satterfield,PG,12.05,-,3.20,28.5,33.0,3
Brian Scalabrine,PF-SF,11.75,-,3.47,27.0,30.5,14
Lee Scruggs,PF-SF,13.28,-,3.55,23.5,29.5,-
Bobby Simmons,SF,11.69,-,3.41,27.5,34.0,12
Will Solomon,PG-SG,11.30,-,3.22,28.5,35.0,4
Greg Stevenson,SF,11.29,-,3.23,30.0,35.5,15
Damone Thornton,PF,11.17,-,3.20,33.5,37.5,19
Jamaal Tinsley,PG,11.96,-,3.20,28.0,37.5,1
Tory Walker,SF,11.95,-,3.25,28.0,33.0,7
Souleymane Wane,C,12.02,-,3.46,29.0,30.5,9
Earl Watson,PG,10.97,-,3.19,32.5,37.5,4
Rodney White,SF,12.07,-,3.47,27.5,33.0,16
Loren Woods,C-PF,11.83,-,3.48,24.5,28.0,10
Michael Wright,PF,11.37,-,3.21,27.5,33.5,18
Brent Wright,PF-SF,12.25,-,3.30,23.0,29.0,19
Malik Allen,PF-C,11.83,-,3.38,25.5,29.0,13
Harold Arceneaux,SG-SF,13.80,-,-,-,29.0,-
Lamont Barnes,PF-C,12.30,-,3.40,28.0,29.5,10
Mario Bland,PF,13.04,-,3.47,27.0,31.0,15
Primoz Brezec,C,11.53,-,3.55,26.0,29.5,-
Ernest Brown,C,-,-,-,-,-,2
Speedy Claxton,PG,10.48,-,3.06,36.0,42.5,6
Eric Coley,SG-SF,11.40,-,3.15,35.0,38.0,10
Ed Cota,PG,10.98,-,3.24,26.5,33.5,1
Schea Cotton,SF,11.55,-,3.00,34.0,38.0,19
Jamal Crawford,PG-SG,-,-,-,-,-,-
Caswell Cyrus,PF,12.12,-,3.16,33.5,37.5,18
Khalid El-Amin,PG,10.59,-,3.32,27.5,32.0,6
Vassil Evtimov,PF,11.75,-,3.52,21.0,28.5,13
Antonis Fotsis,SF,11.60,-,3.44,27.0,30.0,2
Eddie Gill,PG,11.12,-,3.18,35.0,38.5,13
Ceedric Goodwyn,SF-PF,-,-,-,-,-,-
Marcus Goree,SF-PF,12.00,-,3.25,29.5,33.5,13
A.J. Granger,SF,10.73,-,3.25,30.0,34.0,20
A.J. Guyton,PG-SG,10.55,-,3.22,33.0,37.5,9
Ron Hale,SG-SF,12.58,-,3.20,29.5,34.5,11
Jason Hart,PG,11.70,-,3.34,29.5,33.5,9
Donnell Harvey,PF,11.23,-,-,33.0,32.5,15
Johnny Hemsley,SG-SF,11.50,-,3.19,31.5,35.0,5
Michael Hermon,SG-PG,11.79,-,3.25,29.0,33.0,-
Cory Hightower,SG-SF,11.92,-,3.37,29.5,34.5,-
Shaheen Holloway,PG,11.22,-,3.32,-,-,6
Eddie House,SG-PG,11.12,-,3.27,29.5,38.5,5
Jimmie Hunter,SG-PG,11.23,-,3.35,29.0,36.0,-
Jacob Jaacks,PF,11.48,-,3.58,26.0,32.0,3
Marko Jaric,SG-SF,11.32,-,3.28,27.5,33.0,-
Nate Johnson,SF,11.90,-,3.33,27.0,33.5,13
Kenyon Jones,PF-C,12.44,-,3.60,28.5,30.0,20
Mark Karcher,SG,11.51,-,3.40,27.5,30.5,12
Brandon Kurtz,PF-C,-,-,-,-,-,7
Dan Langhi,SF,10.85,-,3.24,31.0,34.5,12
Justin Love,PG-SG,10.99,-,3.31,31.0,38.5,24
Mark Madsen,PF,12.12,-,3.46,30.5,33.5,13
Dan McClintock,C-PF,11.52,-,3.33,33.0,35.0,20
Pete Mickeal,SG-SF,10.83,-,3.06,28.0,34.5,8
Brian Montonati,PF,11.85,-,3.53,25.0,29.0,5
Gabe Muoneke,PF-SF,11.00,-,3.40,30.5,34.0,22
Ndongo N'diaye,C,13.16,-,3.69,24.5,27.5,4
Eduardo Najera,PF-SF,11.38,-,3.45,28.0,35.0,15
Matthew Nielsen,PF,11.28,-,3.35,26.0,29.0,3
Chris Porter,SF-PF,10.93,-,3.20,28.5,35.0,6
Lavor Postell,SG,11.79,-,3.30,33.5,36.5,17
Igor Rakocevic,PG,10.40,-,3.10,27.5,34.0,9
Reed Rawlings,SG-SF,11.10,-,3.27,28.5,33.5,13
Michael Redd,SG-SF,12.06,-,3.34,27.0,31.0,12
Damon Reed,PF-C,11.21,-,3.31,27.5,31.5,4
Aubrey Reese,PG,11.13,-,3.25,31.5,37.5,14
Terrance Roberson,SF,11.66,-,-,29.0,32.5,11
Julius Doc Robinson,PG,12.54,-,3.41,30.0,37.5,-
Pepe Sanchez,PG,11.62,-,3.44,26.0,31.0,8
Matt Santangelo,PG,10.66,-,3.06,33.5,43.0,12
Alex Scales,SG-PG,10.98,-,3.21,38.5,42.5,10
Karim Shabazz,C,12.72,-,3.36,24.5,28.0,2
Nick Sheppard,PF-C,12.14,-,3.52,23.5,25.5,18
Mike Smith,SF,11.32,-,3.22,33.0,21.0,12
Jabari Smith,PF-C,12.45,-,3.43,24.5,30.0,15
Jarrett Stephens,PF,11.98,-,3.46,27.0,29.0,13
Bootsy Thornton,SG,12.08,-,3.33,26.5,31.0,7
Jaquay Walls,PG,10.75,-,3.23,28.5,35.5,-
Jameel Watkins,PF-C,12.38,-,3.45,28.0,30.5,11
Malik Allen,PF-C,11.83,-,3.38,25.5,29.0,13
Harold Arceneaux,SG-SF,13.80,-,-,-,29.0,-
Lamont Barnes,PF-C,12.30,-,3.40,28.0,29.5,10
Mario Bland,PF,13.04,-,3.47,27.0,31.0,15
Primoz Brezec,C,11.53,-,3.55,26.0,29.5,-
Ernest Brown,C,-,-,-,-,-,2
Speedy Claxton,PG,10.48,-,3.06,36.0,42.5,6
Eric Coley,SG-SF,11.40,-,3.15,35.0,38.0,10
Ed Cota,PG,10.98,-,3.24,26.5,33.5,1
Schea Cotton,SF,11.55,-,3.00,34.0,38.0,19
Jamal Crawford,PG-SG,-,-,-,-,-,-
Caswell Cyrus,PF,12.12,-,3.16,33.5,37.5,18
Khalid El-Amin,PG,10.59,-,3.32,27.5,32.0,6
Vassil Evtimov,PF,11.75,-,3.52,21.0,28.5,13
Antonis Fotsis,SF,11.60,-,3.44,27.0,30.0,2
Eddie Gill,PG,11.12,-,3.18,35.0,38.5,13
Ceedric Goodwyn,SF-PF,-,-,-,-,-,-
Marcus Goree,SF-PF,12.00,-,3.25,29.5,33.5,13
A.J. Granger,SF,10.73,-,3.25,30.0,34.0,20
A.J. Guyton,PG-SG,10.55,-,3.22,33.0,37.5,9
Ron Hale,SG-SF,12.58,-,3.20,29.5,34.5,11
Jason Hart,PG,11.70,-,3.34,29.5,33.5,9
Donnell Harvey,PF,11.23,-,-,33.0,32.5,15
Johnny Hemsley,SG-SF,11.50,-,3.19,31.5,35.0,5
Michael Hermon,SG-PG,11.79,-,3.25,29.0,33.0,-
Cory Hightower,SG-SF,11.92,-,3.37,29.5,34.5,-
Shaheen Holloway,PG,11.22,-,3.32,-,-,6
Eddie House,SG-PG,11.12,-,3.27,29.5,38.5,5
Jimmie Hunter,SG-PG,11.23,-,3.35,29.0,36.0,-
Jacob Jaacks,PF,11.48,-,3.58,26.0,32.0,3
Marko Jaric,SG-SF,11.32,-,3.28,27.5,33.0,-
Nate Johnson,SF,11.90,-,3.33,27.0,33.5,13
Kenyon Jones,PF-C,12.44,-,3.60,28.5,30.0,20
Mark Karcher,SG,11.51,-,3.40,27.5,30.5,12
Brandon Kurtz,PF-C,-,-,-,-,-,7
Dan Langhi,SF,10.85,-,3.24,31.0,34.5,12
Justin Love,PG-SG,10.99,-,3.31,31.0,38.5,24
Mark Madsen,PF,12.12,-,3.46,30.5,33.5,13
Dan McClintock,C-PF,11.52,-,3.33,33.0,35.0,20
Pete Mickeal,SG-SF,10.83,-,3.06,28.0,34.5,8
Brian Montonati,PF,11.85,-,3.53,25.0,29.0,5
Gabe Muoneke,PF-SF,11.00,-,3.40,30.5,34.0,22
Ndongo N'diaye,C,13.16,-,3.69,24.5,27.5,4
Eduardo Najera,PF-SF,11.38,-,3.45,28.0,35.0,15
Matthew Nielsen,PF,11.28,-,3.35,26.0,29.0,3
Chris Porter,SF-PF,10.93,-,3.20,28.5,35.0,6
Lavor Postell,SG,11.79,-,3.30,33.5,36.5,17
Igor Rakocevic,PG,10.40,-,3.10,27.5,34.0,9
Reed Rawlings,SG-SF,11.10,-,3.27,28.5,33.5,13
Michael Redd,SG-SF,12.06,-,3.34,27.0,31.0,12
Damon Reed,PF-C,11.21,-,3.31,27.5,31.5,4
Aubrey Reese,PG,11.13,-,3.25,31.5,37.5,14
Terrance Roberson,SF,11.66,-,-,29.0,32.5,11
Julius Doc Robinson,PG,12.54,-,3.41,30.0,37.5,-
Pepe Sanchez,PG,11.62,-,3.44,26.0,31.0,8
Matt Santangelo,PG,10.66,-,3.06,33.5,43.0,12
Alex Scales,SG-PG,10.98,-,3.21,38.5,42.5,10
Karim Shabazz,C,12.72,-,3.36,24.5,28.0,2
Nick Sheppard,PF-C,12.14,-,3.52,23.5,25.5,18
Mike Smith,SF,11.32,-,3.22,33.0,21.0,12
Jabari Smith,PF-C,12.45,-,3.43,24.5,30.0,15
Jarrett Stephens,PF,11.98,-,3.46,27.0,29.0,13
Bootsy Thornton,SG,12.08,-,3.33,26.5,31.0,7
Jaquay Walls,PG,10.75,-,3.23,28.5,35.5,-
Jameel Watkins,PF-C,12.38,-,3.45,28.0,30.5,11
Malik Allen,PF-C,11.83,-,3.38,25.5,29.0,13
Harold Arceneaux,SG-SF,13.80,-,-,-,29.0,-
Lamont Barnes,PF-C,12.30,-,3.40,28.0,29.5,10
Mario Bland,PF,13.04,-,3.47,27.0,31.0,15
Primoz Brezec,C,11.53,-,3.55,26.0,29.5,-
Ernest Brown,C,-,-,-,-,-,2
Speedy Claxton,PG,10.48,-,3.06,36.0,42.5,6
Eric Coley,SG-SF,11.40,-,3.15,35.0,38.0,10
Ed Cota,PG,10.98,-,3.24,26.5,33.5,1
Schea Cotton,SF,11.55,-,3.00,34.0,38.0,19
Jamal Crawford,PG-SG,-,-,-,-,-,-
Caswell Cyrus,PF,12.12,-,3.16,33.5,37.5,18
Khalid El-Amin,PG,10.59,-,3.32,27.5,32.0,6
Vassil Evtimov,PF,11.75,-,3.52,21.0,28.5,13
Antonis Fotsis,SF,11.60,-,3.44,27.0,30.0,2
Eddie Gill,PG,11.12,-,3.18,35.0,38.5,13
Ceedric Goodwyn,SF-PF,-,-,-,-,-,-
Marcus Goree,SF-PF,12.00,-,3.25,29.5,33.5,13
A.J. Granger,SF,10.73,-,3.25,30.0,34.0,20
A.J. Guyton,PG-SG,10.55,-,3.22,33.0,37.5,9
Ron Hale,SG-SF,12.58,-,3.20,29.5,34.5,11
Jason Hart,PG,11.70,-,3.34,29.5,33.5,9
Donnell Harvey,PF,11.23,-,-,33.0,32.5,15
Johnny Hemsley,SG-SF,11.50,-,3.19,31.5,35.0,5
Michael Hermon,SG-PG,11.79,-,3.25,29.0,33.0,-
Cory Hightower,SG-SF,11.92,-,3.37,29.5,34.5,-
Shaheen Holloway,PG,11.22,-,3.32,-,-,6
Eddie House,SG-PG,11.12,-,3.27,29.5,38.5,5
Jimmie Hunter,SG-PG,11.23,-,3.35,29.0,36.0,-
Jacob Jaacks,PF,11.48,-,3.58,26.0,32.0,3
Marko Jaric,SG-SF,11.32,-,3.28,27.5,33.0,-
Nate Johnson,SF,11.90,-,3.33,27.0,33.5,13
Kenyon Jones,PF-C,12.44,-,3.60,28.5,30.0,20
Mark Karcher,SG,11.51,-,3.40,27.5,30.5,12
Brandon Kurtz,PF-C,-,-,-,-,-,7
Dan Langhi,SF,10.85,-,3.24,31.0,34.5,12
Justin Love,PG-SG,10.99,-,3.31,31.0,38.5,24
Mark Madsen,PF,12.12,-,3.46,30.5,33.5,13
Dan McClintock,C-PF,11.52,-,3.33,33.0,35.0,20
Pete Mickeal,SG-SF,10.83,-,3.06,28.0,34.5,8
Brian Montonati,PF,11.85,-,3.53,25.0,29.0,5
Gabe Muoneke,PF-SF,11.00,-,3.40,30.5,34.0,22
Ndongo N'diaye,C,13.16,-,3.69,24.5,27.5,4
Eduardo Najera,PF-SF,11.38,-,3.45,28.0,35.0,15
Matthew Nielsen,PF,11.28,-,3.35,26.0,29.0,3
Chris Porter,SF-PF,10.93,-,3.20,28.5,35.0,6
Lavor Postell,SG,11.79,-,3.30,33.5,36.5,17
Igor Rakocevic,PG,10.40,-,3.10,27.5,34.0,9
Reed Rawlings,SG-SF,11.10,-,3.27,28.5,33.5,13
Michael Redd,SG-SF,12.06,-,3.34,27.0,31.0,12
Damon Reed,PF-C,11.21,-,3.31,27.5,31.5,4
Aubrey Reese,PG,11.13,-,3.25,31.5,37.5,14
Terrance Roberson,SF,11.66,-,-,29.0,32.5,11
Julius Doc Robinson,PG,12.54,-,3.41,30.0,37.5,-
Pepe Sanchez,PG,11.62,-,3.44,26.0,31.0,8
Matt Santangelo,PG,10.66,-,3.06,33.5,43.0,12
Alex Scales,SG-PG,10.98,-,3.21,38.5,42.5,10
Karim Shabazz,C,12.72,-,3.36,24.5,28.0,2
Nick Sheppard,PF-C,12.14,-,3.52,23.5,25.5,18
Mike Smith,SF,11.32,-,3.22,33.0,21.0,12
Jabari Smith,PF-C,12.45,-,3.43,24.5,30.0,15
Jarrett Stephens,PF,11.98,-,3.46,27.0,29.0,13
Bootsy Thornton,SG,12.08,-,3.33,26.5,31.0,7
Jaquay Walls,PG,10.75,-,3.23,28.5,35.5,-
Jameel Watkins,PF-C,12.38,-,3.45,28.0,30.5,11
